0007 006	1	Rockefeller	Pub	A	169	No	45	27	10	7	28	17	28	17
0007 012	1	Rockefeller	Pub	A	109	No	48	29	60	33
0007 014	1	Rockefeller	Pub	A	121	No	65	38	59	32	57	33	57	33
0007 117	4	Rockefeller	Pub	1	610	No	37	10	17	5	21	7	21	7
0007 121	1	Rockefeller	Pub	1	115	No	10	6	42	23	37	22	37	22
0007 201	4	Rockefeller	Pub	2	510	No	51	16	33	11	41	14	41	14
0007 203	4	Rockefeller	Pub	2	619	No	15	6	28	10	40	13	40	13
0007 204	2	Rockefeller	Pub	2	180	No	85	17
0007 205	2	Rockefeller	Pub	2	212	No	93	13	36	5	60	9	60	9
0007 206	1	Rockefeller	Pub	2	109	No	66	39	38	21	59	34	59	34
0007 208	1	Rockefeller	Pub	2	108	No	32	20	37	20	50	27	50	27
0007 209	2	Rockefeller	Pub	2	208	No	91	12	56	11	82	15	82	15
0007 210	1	Rockefeller	Pub	2	107	No	50	30	52	28	48	25	48	25
0007 211	2	Rockefeller	Pub	2	209	No	90	11	49	10	43	6	43	6
0007 214	1	Rockefeller	Pub	2	104	No	60	36	54	29	49	26	49	26
0007 215	2	Rockefeller	Pub	2	212	No	18	3	48	9	78	13	78	13
0007 216	1	Rockefeller	Pub	2	109	No	12	7	50	26
0007 217	4	Rockefeller	Pub	2	618	No	13	5	20	6	9	3	9	3
0007 221	1	Rockefeller	Pub	2	109	No	17	9	51	27	52	29	52	29
0007 222	2	Rockefeller	Pub	2	280	No	11	1	18	3	22	1	22	1
0007 303	4	Rockefeller	Pub	3	650	No	20	7	26	8	33	11	33	11
0007 306	1	Rockefeller	Pub	3	113	No	41	26	73	42	55	31	55	31
0007 310	1	Rockefeller	Pub	3	112	No	39	24	45	25
0007 312	1	Rockefeller	Pub	3	116	No	40	25	25	14	27	16	27	16
0007 316	1	Rockefeller	Pub	3	113	No	59	35	65	37	36	21	36	21
0007 317	4	Rockefeller	Pub	3	654	No	4	3	14	4	11	4	11	4
0007 321	1	Rockefeller	Pub	3	115	No	19	10	29	15	18	13	18	13
0007 403	4	Rockefeller	Pub	4	650	No	6	4	27	9	30	10	30	10
0007 410	1	Rockefeller	Pub	4	114	No	24	13	32	19	32	19
0007 412	1	Rockefeller	Pub	4	118	No	8	4	23	12
0007 414	1	Rockefeller	Pub	4	110	No	7	3	74	43	13	9	13	9
0007 416	1	Rockefeller	Pub	4	120	No	1	1	12	8	12	8
0007 417	4	Rockefeller	Pub	4	659	No	2	1	3	2	7	1	7	1
0007 421	1	Rockefeller	Pub	4	122	No	29	18	7	5	5	5	5	5
0007 501	4	Rockefeller	Pub	5	532	No
0007 503	4	Rockefeller	Pub	5	657	No	35	9	22	7
0007 504	2	Rockefeller	Pub	5	197	No
0007 505	2	Rockefeller	Pub	5	233	No
0007 506	1	Rockefeller	Pub	5	117	No	36	22	30	16
0007 509	2	Rockefeller	Pub	5	224	No
0007 510	1	Rockefeller	Pub	5	116	No	28	17	70	41	15	11	15	11
0007 515	2	Rockefeller	Pub	5	227	No	80	14	80	14
0007 516	1	Rockefeller	Pub	5	122	No	16	8	21	11	20	14	20	14
0007 517	4	Rockefeller	Pub	5	665	No	3	2	1	1	8	2	8	2
0010 101	1	Mathey	Pub	1	131	No	54	43	42	30	42	30
0010 102	1	Mathey	Pub	1	101	No	103	71	129	77	83	58	83	58
0010 103	1	Mathey	Pub	1	129	No	99	70	51	41	43	31	43	31
0010 105	1	Mathey	Pub	1	151	No	18	14	30	21	30	21
0010 106	1	Mathey	Pub	1	154	No	23	20	43	35	14	10	14	10
0010 107	1	Mathey	Pub	1	157	No	42	35	27	21
0010 108	1	Mathey	Pub	1	153	No	35	30	6	4	25	18	25	18
0010 109	1	Mathey	Pub	1	152	No	45	37	45	37	23	16	23	16
0010 113	1	Mathey	Pub	1	156	No	19	18	9	7	24	17	24	17
0010 115	1	Mathey	Pub	1	99	No	115	77	25	19
0010 116	1	Mathey	Pub	1	122	No	91	65	83	53
0010 117	2	Mathey	Pub	1	270	No	56	6	36	7	45	8	45	8
0010 501	1	Mathey	Pub	5	161	No	61	47	114	70
0010 502	1	Mathey	Pub	5	170	No	60	46	65	47	19	14	19	14
0010 503	1	Mathey	Pub	5	165	No	63	49	112	68
0010 504	1	Mathey	Pub	5	180	No	51	42	41	33
0010 505	1	Mathey	Pub	5	157	No	77	56	119	74	65	48	65	48
0010 506	1	Mathey	Pub	5	164	No	65	50	99	62
0010 507	1	Mathey	Pub	5	164	No	71	53	111	67	55	41	55	41
0010 508	1	Mathey	Pub	5	163	No	66	51	100	63	56	42	56	42
0010 509	1	Mathey	Pub	5	160	No	80	58	118	73	72	53	72	53
0010 510	1	Mathey	Pub	5	162	No	85	62	113	69	57	43	57	43
0010 511	1	Mathey	Pub	5	163	No	62	48	110	66	64	47	64	47
0010 512	1	Mathey	Pub	5	174	No	55	44	84	54	46	33	46	33
0010 513	1	Mathey	Pub	5	173	No	59	45	76	48	50	37	50	37
0010 514	1	Mathey	Pub	5	158	No	78	57	86	55	71	52	71	52
0010 515	2	Mathey	Pub	5	299	No	79	9	54	9	78	11	78	11
0012 101	1	Independent	Pub	1	125	No	42	34	22	20
0012 101N	3	Upperclass	Pub	1	460	No	331	28	77	6	223	25	223	25
0012 101S	3	Independent	Pub	1	460	No	49	3	82	1	42	2	42	2
0012 102	1	Independent	Pub	1	120	No	52	40	41	35	58	38	58	38
0012 102N	3	Independent	Pub	1	460	No	30	1	95	3	44	3	44	3
0012 102S	3	Independent	Pub	1	460	No	55	4	83	2	38	1	38	1
0012 103	2	Independent	Pub	1	260	No	44	6	103	20	79	20	79	20
0012 104	1	Independent	Pub	1	125	No	37	30	25	23	51	35	51	35
0012 105	1	Independent	Pub	1	125	No	38	31	32	28	34	26	34	26
0012 106	1	Independent	Pub	1	120	No	59	43	40	34
0012 107	1	Independent	Pub	1	120	No	94	72	42	36
0012 111	1	Independent	Pub	1	125	No	35	28	17	16
0012 112	1	Independent	Pub	1	120	No	29	24	7	7	57	37	57	37
0012 113	2	Independent	Pub	1	260	No	95	14	58	8	74	18	74	18
0012 114	1	Independent	Pub	1	125	No	22	18	16	15	30	22	30	22
0012 115	1	Independent	Pub	1	125	No	23	19	2	2	21	17	21	17
0012 200	1	Independent	Pub	2	125	No	91	69	89	70	35	27	35	27
0012 200N	1	Independent	Pub	2	150	No	70	48	69	54	88	52	88	52
0012 201N	3	Upperclass	Pub	2	460	No	303	24	196	14	297	31	297	31
0012 201S	3	Upperclass	Pub	2	460	No	314	26	72	5	104	10	104	10
0012 202N	3	Upperclass	Pub	2	460	No	302	23	210	16	259	28	259	28
0012 202S	3	Upperclass	Pub	2	460	No	316	27	181	11	146	15	146	15
0012 204	1	Independent	Pub	2	125	No	89	67	70	55	85	49	85	49
0012 205	1	Independent	Pub	2	125	No	86	64	71	56	86	50	86	50
0012 207	1	Independent	Pub	2	120	No	93	71	73	58	93	57	93	57
0012 212	1	Independent	Pub	2	120	No	49	33	49	33
0012 213	2	Upperclass	Pub	2	260	No	25	6	330	57	435	70	435	70
0012 216	1	Independent	Pub	2	120	No	84	62	72	57
0012 300	1	Upperclass	Pub	3	125	No	315	233	278	184
0012 300N	1	Upperclass	Pub	3	150	No	120	80	65	41	22	16	22	16
0012 301N	3	Upperclass	Pub	3	460	No	267	19	162	10	311	32	311	32
0012 301S	3	Upperclass	Pub	3	460	No	345	29	250	17	193	21	193	21
0012 302	1	Upperclass	Pub	3	120	No	348	258	468	319
0012 302N	3	Upperclass	Pub	3	460	No	268	20	277	22	221	24	221	24
0012 302S	3	Upperclass	Pub	3	460	No	193	13	188	13	331	37	331	37
0012 303	2	Upperclass	Pub	3	260	No	346	41	554	88	487	83	487	83
0012 304	1	Upperclass	Pub	3	125	No	368	254	94	52	94	52
0012 305	1	Upperclass	Pub	3	125	No	464	316	95	53	95	53
0012 306	1	Upperclass	Pub	3	120	No	349	259	420	293	195	116	195	116
0012 307	1	Upperclass	Pub	3	120	No	449	317	477	326	202	122	202	122
0012 310	1	Upperclass	Pub	3	125	No	221	158	451	307	66	37	66	37
0012 311	1	Upperclass	Pub	3	125	No	266	194	279	185	14	9	14	9
0012 312	1	Upperclass	Pub	3	120	No	347	257	393	275	68	38	68	38
0012 313	2	Upperclass	Pub	3	260	No	414	49	567	92	458	78	458	78
0012 314	1	Upperclass	Pub	3	125	No	220	157	280	186
0012 315	1	Upperclass	Pub	3	125	No	278	204	343	236
0012 316	1	Upperclass	Pub	3	120	No	337	230	15	10	15	10
0012 317	1	Upperclass	Pub	3	120	No	372	276	344	237	69	39	69	39
0012 400N	1	Upperclass	Pub	4	150	No	68	45	87	55	57	32	57	32
0012 400S	1	Upperclass	Pub	4	150	No	49	31	103	67	56	31	56	31
0012 401	4	Upperclass	Pub	4	735	No	2	1	20	3	35	3	35	3
0012 401N	3	Upperclass	Pub	4	460	No	47	4	38	3	201	22	201	22
0012 401S	3	Upperclass	Pub	4	460	No	123	8	29	1	329	35	329	35
0012 402N	3	Upperclass	Pub	4	460	No	69	5	256	19	141	13	141	13
0012 402S	3	Upperclass	Pub	4	460	No	71	6	287	23	41	3	41	3
0012 403	4	Upperclass	Pub	4	705	No	8	2	18	2	5	1	5	1
0012 404	1	Upperclass	Pub	4	125	No	219	156	285	191
0012 405	1	Upperclass	Pub	4	125	No	271	197	180	118
0012 406	1	Upperclass	Pub	4	120	No	403	297	329	224	196	117	196	117
0012 407	1	Upperclass	Pub	4	120	No	289	194	220	135	220	135
0012 411	4	Upperclass	Pub	4	735	No	36	3	28	4	36	4	36	4
0012 413	4	Upperclass	Pub	4	705	No	55	4	12	1	40	5	40	5
0012 414	1	Upperclass	Pub	4	125	No	124	82	286	192
0012 415	1	Upperclass	Pub	4	125	No	125	83	179	117	137	79	137	79
0012 416	1	Upperclass	Pub	4	120	No	284	190	197	118	197	118
0012 417	1	Upperclass	Pub	4	120	No	467	330	288	193	115	63	115	63
0014 111	3	Upperclass	Pub	1	497	No	93	7	66	4	71	6	71	6
0014 112	4	Upperclass	Pub	1	505	No	670	74	687	61	596	75	596	75
0014 113	1	Upperclass	Pub	1	125	No	324	239	454	309	222	136	222	136
0014 114	1	Upperclass	Pub	1	125	No	327	242	263	176	319	200	319	200
0014 117	1	Upperclass	Pub	1	119	No	73	46	500	339	318	199	318	199
0014 118	1	Upperclass	Pub	1	123	No	126	81
0014 119	4	Upperclass	Prv	1	837	No	75	5	82	7	32	2	32	2
0014 121	1	Upperclass	Pub	1	112	No	442	312	456	310	355	216	355	216
0014 122	4	Upperclass	Pub	1	518	No	674	75	615	44	569	63	569	63
0014 123	1	Upperclass	Pub	1	123	No	328	243	475	324	257	160	257	160
0014 125	1	Upperclass	Pub	1	128	No	326	241	476	325	258	161	258	161
0014 126	1	Upperclass	Pub	1	108	No	516	350	359	218	359	218
0014 127	4	Upperclass	Pub	1	536	No	441	24	667	54	475	46	475	46
0014 128	4	Upperclass	Pub	1	509	No	443	25	668	55	574	66	574	66
0014 210	1	Upperclass	Pub	2	228	No	37	23	7	5	4	2	4	2
0014 211	4	Upperclass	Pub	2	501	No	687	81	707	66	597	76	597	76
0014 212	4	Upperclass	Pub	2	518	No	615	55	630	45	441	42	441	42
0014 213	1	Upperclass	Pub	2	126	No	327	222	136	78	136	78
0014 214	1	Upperclass	Pub	2	127	No	50	30
0014 219	3	Upperclass	Pub	2	495	No	396	35	199	15	140	12	140	12
0014 220	3	Upperclass	Pub	2	497	No	397	36	326	26	144	14	144	14
0014 221	4	Upperclass	Pub	2	505	No	637	61	273	17	582	68	582	68
0014 222	1	Upperclass	Pub	2	125	No	146	100	272	180	300	188	300	188
0014 225	1	Upperclass	Pub	2	130	No	144	98	48	28
0014 226	1	Upperclass	Pub	2	127	No	145	99	277	172	277	172
0014 227	4	Upperclass	Pub	2	505	No	631	59	695	64	533	54	533	54
0014 228	4	Upperclass	Pub	2	519	No	622	57	694	63	493	50	493	50
0014 311	4	Upperclass	Pub	3	502	No	690	82	731	76	606	80	606	80
0014 312	3	Upperclass	Pub	3	500	No	424	40	305	24	75	7	75	7
0014 314	1	Upperclass	Pub	3	129	No	322	238	306	204
0014 318	4	Upperclass	Pub	3	507	No	634	60	691	62	310	28	310	28
0014 319	3	Upperclass	Pub	3	490	No	426	41	352	28	344	41	344	41
0014 320	4	Upperclass	Pub	3	503	No	679	78	733	78	587	72	587	72
0014 321	3	Upperclass	Pub	3	498	No	306	25	308	25	98	8	98	8
0014 322	1	Upperclass	Pub	3	124	No	466	329	473	323	302	189	302	189
0014 325	1	Upperclass	Pub	3	132	No	190	132	325	221	268	167	268	167
0014 326	1	Upperclass	Pub	3	124	No	192	134	408	288	264	163	264	163
0014 327	4	Upperclass	Pub	3	501	No	641	62	591	41	588	73	588	73
0014 328	3	Upperclass	Pub	3	495	No	434	44	335	27	360	43	360	43
0014 329	1	Upperclass	Pub	3	237	No	35	22	11	7
0014 410	1	Upperclass	Pub	4	230	No	22	13	34	18	6	3	6	3
0014 411	4	Upperclass	Pub	4	512	No	680	79	721	74
0014 412	4	Upperclass	Pub	4	516	No	661	72	720	73	598	77	598	77
0014 413	1	Upperclass	Pub	4	128	No	497	338	306	192	306	192
0014 414	1	Upperclass	Pub	4	134	No	494	336	138	80	138	80
0014 417	1	Upperclass	Pub	4	120	No	427	310	543	362
0014 418	4	Upperclass	Pub	4	523	No	547	37	664	52	560	59	560	59
0014 419	4	Upperclass	Pub	4	520	No	656	68	663	51	514	51	514	51
0014 420	3	Upperclass	Pub	4	500	No	434	39	339	40	339	40
0014 421	4	Upperclass	Pub	4	507	No	678	77	719	72	600	79	600	79
0014 422	1	Upperclass	Pub	4	126	No	534	357	341	206	341	206
0014 425	1	Upperclass	Pub	4	129	No	524	353	299	187	299	187
0014 426	1	Upperclass	Pub	4	122	No	542	361	298	186	298	186
0014 427	4	Upperclass	Pub	4	530	No	613	54	717	71	483	48	483	48
0014 428	4	Upperclass	Pub	4	508	No	692	84	732	77	599	78	599	78
0014 429	1	Upperclass	Pub	4	220	No	50	32	36	20	7	4	7	4
0019 045	1	Mathey	Pub	1	101	Yes	116	78	30	24	77	56	77	56
0019 051	4	Mathey	Pub	1	517	Yes	124	27	125	29	89	12	89	12
0019 053	4	Mathey	Pub	1	503	Yes	124	28
0019 061	2	Mathey	Pub	1	277	Yes	119	13	104	16	37	7	37	7
0019 064	2	Mathey	Pub	2	213	Yes	98	14	98	14
0019 065	4	Mathey	Pub	1	499	Yes	125	28	126	30
0019 081	4	Mathey	Pub	1	501	No	113	21	120	25	99	19	99	19
0019 082	4	Mathey	Pub	2	523	No	101	18	67	8
0019 083	4	Mathey	Pub	1	504	No	112	20	109	23	102	22	102	22
0019 084	2	Mathey	Pub	2	213	No	126	16	108	17	103	15	103	15
0019 091	4	Mathey	Pub	1	504	No	120	25	106	21	101	21	101	21
0019 092	2	Mathey	Pub	2	213	No	127	18	111	17	111	17
0019 093	2	Mathey	Pub	1	271	No	102	10	73	12	58	9	58	9
0019 095	4	Mathey	Pub	1	540	No	98	16	68	9	85	11	85	11
0019 096	4	Mathey	Pub	2	603	No	57	5	66	7	52	3	52	3
0019 097	4	Mathey	Pub	1	592	No	90	13	69	10	60	4	60	4
0019 098	4	Mathey	Pub	2	573	No	58	6	64	6	66	6	66	6
0019 102	4	Mathey	Pub	2	541	No	92	14	70	11	100	20	100	20
0019 114	1	Mathey	Pub	2	184	No	25	22	32	26	28	19	28	19
0019 301	4	Mathey	Pub	3	575	No	114	22	74	13	94	15	94	15
0019 302	4	Mathey	Pub	3	598	No	109	19	75	14	93	14	93	14
0019 305	4	Mathey	Pub	3	605	No	55	3	92	13	92	13
0019 A02	1	Mathey	Pub	2	160	Yes	39	32	35	28	44	32	44	32
0019 B41	1	Mathey	Pub	A	122	Yes	104	72	128	76
0019 B42	2	Mathey	Pub	A	214	Yes	131	19	133	20
0019 B51	1	Mathey	Pub	A	138	Yes	21	19	96	59	41	29	41	29
0019 B52	1	Mathey	Pub	A	156	Yes	3	2	34	27	39	27	39	27
0019 B53	1	Mathey	Pub	A	147	Yes	7	6	40	32
0019 B61	2	Mathey	Pub	A	248	Yes	128	17	101	15	113	18	113	18
0019 B62	2	Mathey	Pub	A	225	Yes	129	18	132	19
0019 B71	1	Mathey	Pub	A	150	Yes	14	13	11	9	38	26	38	26
0019 B72	1	Mathey	Pub	A	145	Yes	96	68	98	61	40	28	40	28
0019 B73	1	Mathey	Pub	A	149	Yes	27	24	50	40	48	35	48	35
0019 B81	1	Mathey	Pub	A	143	No	49	40	51	38	51	38
0019 B82	1	Mathey	Pub	A	146	No	29	26	62	45	47	34	47	34
0019 B83	1	Mathey	Pub	A	149	No	37	31	42	34	10	7	10	7
0019 B91	1	Mathey	Pub	A	132	No	95	67	63	46	59	44	59	44
0019 B92	4	Mathey	Pub	A	644	No	89	12	93	19	63	5	63	5
0021 011	3	Mathey	Pub	1	466	Yes
0021 012	3	Mathey	Pub	1	422	Yes	76	2	82	2	106	4	106	4
0021 013	4	Mathey	Pub	1	561	Yes	100	17	105	20	112	27	112	27
0021 031	4	Mathey	Pub	1	527	Yes	118	24	115	24	110	26	110	26
0021 033	4	Mathey	Pub	1	514	Yes	117	23	123	27	109	25	109	25
0021 035	2	Mathey	Pub	2	231	Yes
0021 045	2	Mathey	Pub	2	222	Yes	1	1
0021 047	1	Mathey	Pub	2	210	Yes	2	1	1	1	2	2	2	2
0021 048	1	Mathey	Pub	2	130	Yes	70	52	24	18	11	8	11	8
0021 051	4	Mathey	Pub	1	529	No	38	2	89	17	96	17	96	17
0021 053	4	Mathey	Pub	1	528	No	123	26	122	26	97	18	97	18
0021 055	1	Mathey	Pub	2	212	No	10	9	3	3
0021 057	2	Mathey	Pub	2	443	No	20	2	4	1	4	1	4	1
0021 062	1	Mathey	Pub	1	238	No	5	4	2	2
0021 063	4	Mathey	Pub	2	644	No	53	4	53	2	74	8	74	8
0021 071	5	Mathey	Pub	1	889	No	86	2	95	2	31	2	31	2
0021 073	4	Mathey	Pub	1	573	No	69	10	71	12	95	16	95	16
0021 074	4	Mathey	Pub	2	573	No	64	7	92	18	82	10	82	10
0021 077	4	Mathey	Pub	2	683	No	44	3	20	1	6	1	6	1
0021 081	4	Mathey	Pub	1	506	No	127	29	131	31
0021 083	2	Mathey	Pub	1	419	No	31	4	15	4	15	4	15	4
0021 085	2	Mathey	Pub	2	418	No	22	3	5	2	12	3	12	3
0021 091	4	Upperclass	Pub	1	509	No	676	76	673	58	581	67	581	67
0021 093	4	Upperclass	Pub	1	508	No	657	69	674	59	608	81	608	81
0021 095	1	Upperclass	Pub	2	203	No	116	78	35	19	20	14	20	14
0021 097	4	Upperclass	Pub	2	519	No	649	65	703	65	490	49	490	49
0021 101	4	Upperclass	Pub	1	512	No	659	70	505	35	551	57	551	57
0021 103	4	Upperclass	Pub	1	512	No	660	71	735	80	566	61	566	61
0021 105	4	Upperclass	Pub	2	508	No	653	66	714	70	594	74	594	74
0021 111	4	Upperclass	Pub	1	744	No	118	9	270	16	194	15	194	15
0021 115	4	Upperclass	Pub	2	708	No	436	21	402	19	84	10	84	10
0021 121	4	Upperclass	Pub	1	600	No	515	32	498	32	337	31	337	31
0021 122	4	Upperclass	Pub	1	637	No	516	33	486	30	307	26	307	26
0021 123	4	Upperclass	Pub	2	617	No	480	30	431	25	313	29	313	29
0021 124	1	Upperclass	Pub	2	219	No	26	16	19	11
0021 131	3	Upperclass	Pub	1	464	No	237	15	452	40	70	5	70	5
0021 134	4	Upperclass	Pub	2	537	No	501	34	452	43	452	43
0021 141	2	Upperclass	Pub	1	288	No	475	61	349	59	272	48	272	48
0021 142	4	Upperclass	Pub	1	644	No	401	19	422	22	217	17	217	17
0021 143	4	Upperclass	Pub	1	595	No	476	29	499	33	356	33	356	33
0021 145	4	Upperclass	Pub	2	521	No	623	58	734	79	567	62	567	62
0021 146	4	Upperclass	Pub	2	653	No	437	22	392	18	77	9	77	9
0021 301	4	Mathey	Pub	3	562	Yes	67	8	87	15	79	9	79	9
0021 302	1	Mathey	Pub	3	162	Yes	13	12	23	17	13	9	13	9
0021 303	1	Mathey	Pub	3	193	Yes	12	11	12	10	7	5	7	5
0021 305	1	Mathey	Pub	3	123	Yes	75	55	94	58	53	39	53	39
0021 307	1	Mathey	Pub	3	116	Yes	87	63	97	60
0021 309	1	Mathey	Pub	3	119	Yes	88	64	103	65	80	57	80	57
0021 311	1	Mathey	Pub	3	131	Yes	28	25	90	56	20	15	20	15
0021 313	1	Mathey	Pub	3	110	Yes	111	76	102	64	84	59	84	59
0021 318	1	Mathey	Pub	3	159	Yes	9	8	10	8
0021 321	1	Mathey	Pub	3	111	Yes	83	61	121	75	87	61	87	61
0021 323	1	Mathey	Pub	3	127	Yes	33	28	44	36	49	36	49	36
0021 325	1	Mathey	Pub	3	118	Yes	82	60	116	71	68	49	68	49
0021 327	1	Mathey	Pub	3	118	Yes	81	59	117	72	69	50	69	50
0021 329	4	Mathey	Pub	3	742	Yes	84	11	88	16	73	7	73	7
0021 381	4	Mathey	Pub	3	710	No	36	1	60	4	33	2	33	2
0021 385	1	Mathey	Pub	3	207	No	11	10	8	6	3	3	3	3
0021 387	1	Mathey	Pub	3	137	No	50	41	91	57	54	40	54	40
0021 389	1	Mathey	Pub	3	140	No	40	33	13	11
0021 391	1	Mathey	Pub	3	140	No	41	34	49	39	35	24	35	24
0021 393	1	Mathey	Pub	3	141	No	32	27	31	25	34	23	34	23
0021 395	1	Mathey	Pub	3	230	No	6	5	7	5	5	4	5	4
0021 399	4	Upperclass	Pub	3	776	No	117	8	212	12	54	8	54	8
0021 401	4	Mathey	Pub	4	550	Yes	68	9	107	22
0021 A10	2	Independent	Pub	A	309	No	56	8	106	21	75	19	75	19
0021 A14	4	Independent	Pub	A	522	No	104	6	55	5	81	7	81	7
0021 A16	2	Independent	Pub	A	404	No	58	10	56	7	62	15	62	15
0021 A20	2	Independent	Pub	A	328	No	103	18	94	14	70	16	70	16
0021 A24	1	Independent	Pub	A	189	No	12	11	14	13	20	16	20	16
0021 A28	2	Independent	Pub	A	420	No	64	12	90	13	41	9	41	9
0021 A34	1	Independent	Pub	A	228	No	11	10	9	8	23	19	23	19
0021 A36	1	Independent	Pub	A	201	No	6	5	15	14	28	20	28	20
0021 A38	4	Independent	Pub	A	548	No	117	9	111	7	101	9	101	9
0021 A40	4	Upperclass	Pub	A	562	No	543	36	578	40	384	36	384	36
0021 A46	2	Upperclass	Pub	A	444	No	429	53	259	49	224	41	224	41
0021 A48	4	Upperclass	Pub	A	529	No	591	45	656	49	584	70	584	70
0021 A54	4	Upperclass	Pub	A	501	No	691	83	736	81	583	69	583	69
0021 A56	4	Upperclass	Pub	A	610	No	438	23	506	36	308	27	308	27
0023 030	3	Upperclass	Pub	1	428	No	581	66	657	75	184	17	184	17
0023 040	6	Upperclass	Pub	1	835	No	284	4	302	5	39	3	39	3
0023 041	6	Upperclass	Pub	2	859	No	319	5	158	3	82	5	82	5
0023 060	4	Upperclass	Pub	0	574	No	621	56	428	23	397	39	397	39
0023 061	3	Upperclass	Pub	1	437	No	520	53	531	48	422	57	422	57
0023 062	3	Upperclass	Pub	2	449	No	359	30	467	41	416	56	416	56
0023 063	3	Upperclass	Pub	2	430	No	254	16	642	70	484	65	484	65
0023 070	1	Independent	Pub	0	190	No	83	61	86	68
0023 071	1	Independent	Pub	0	165	No	20	16	21	19
0023 072	3	Upperclass	Pub	1	455	No	415	37	521	45	284	30	284	30
0023 073	3	Upperclass	Pub	1	443	No	602	71	522	46	249	27	249	27
0023 074	1	Upperclass	Pub	2	192	No	88	57	81	51
0023 075	2	Upperclass	Pub	2	313	No	112	21	80	16	48	9	48	9
0023 076	3	Upperclass	Pub	2	457	No	178	12	426	37	1	1	1	1
0023 080	3	Independent	Pub	0	456	No	48	2	100	4	54	4	54	4
0023 081	3	Independent	Pub	0	435	No	108	5	117	9	63	5	63	5
0023 082	4	Independent	Pub	1	669	No	34	2	52	4	36	2	36	2
0023 083	1	Independent	Pub	1	192	No	71	49	75	60	89	53	89	53
0023 084	1	Independent	Pub	1	139	No
0023 085	1	Independent	Pub	1	136	No	46	38	68	46	68	46
0023 086	1	Independent	Pub	1	155	No	26	21	12	11
0023 087	3	Upperclass	Pub	2	472	No	152	9	105	7	103	9	103	9
0023 088	2	Upperclass	Pub	2	242	No	521	78	529	84	511	88	511	88
0023 089	1	Upperclass	Pub	2	192	No	87	56	202	133	113	61	113	61
0023 090	3	Independent	Pub	0	431	No	122	10	113	6	77	7	77	7
0023 307	6	Upperclass	Pub	3	873	No	80	2	55	2	73	4	73	4
0023 308	2	Upperclass	Pub	3	327	No	398	46	290	51	343	58	343	58
0023 309	1	Upperclass	Pub	3	152	No	206	144	319	215
0023 310	1	Upperclass	Pub	3	170	No	119	79	54	34	25	19	25	19
0023 311	2	Upperclass	Pub	3	347	No	72	16	69	14	387	63	387	63
0023 312	2	Upperclass	Pub	3	284	No	484	64	540	87	499	87	499	87
0023 313	1	Upperclass	Pub	3	234	No	4	1	2	2	13	8	13	8
0023 408	6	Upperclass	Pub	4	868	No	159	3	172	4	27	2	27	2
0023 T01	3	Independent	Pub	0	395	No	121	9	112	5	94	8	94	8
0023 T02	1	Independent	Pub	0	154	No	85	63	85	67	98	61	98	61
0023 T03	3	Upperclass	Pub	1	419	No	556	62	421	36	505	71	505	71
0023 T04	1	Upperclass	Pub	1	184	No	89	58	218	144
0023 T05	1	Upperclass	Pub	1	195	No	90	59	86	54	23	17	23	17
0023 T06	3	Upperclass	Pub	2	442	No	258	17	367	31	456	63	456	63
0023 T07	1	Upperclass	Pub	2	186	No	53	34	219	145
0023 T09	1	Upperclass	Pub	2	155	No	255	186	220	146
0023 T11	1	Upperclass	Pub	2	139	No	250	182	247	165	213	129	213	129
0023 T12	6	Upperclass	Prv	3	1278	No	3	1	6	1	26	1	26	1
0026 003A	1	Rockefeller	Pub	3	162	No	81	47	66	38	44	24	44	24
0026 003B	1	Rockefeller	Pub	3	141	No	84	48	76	45	68	37	68	37
0026 003C	1	Rockefeller	Pub	3	171	No	72	41	67	39	51	28	51	28
0026 004A	2	Rockefeller	Pub	3	192	No
0026 004B	1	Rockefeller	Pub	3	168	No	31	19	43	24	31	18	31	18
0026 005B	1	Mathey	Pub	3	140	No	106	74	81	52	75	54	75	54
0026 006A	1	Mathey	Pub	3	146	No	105	73	79	50	70	51	70	51
0026 013	2	Rockefeller	Pub	1	333	No	30	4	44	6	45	7	45	7
0026 014	2	Rockefeller	Pub	2	328	No	73	6	47	8
0026 015	4	Rockefeller	Pub	1	452	No	84	31	84	31
0026 022	2	Rockefeller	Pub	2	317	No	83	8	19	4	66	10	66	10
0026 024	2	Rockefeller	Pub	2	262	No
0026 026	4	Rockefeller	Pub	2	486	No	69	23	89	25	71	23	71	23
0026 028	4	Rockefeller	Pub	2	455	No	85	28	83	30	83	30
0026 052	1	Mathey	Pub	2	126	No	97	69	39	31	76	55	76	55
0026 052A	1	Mathey	Pub	2	117	No	130	78	90	62	90	62
0026 052B	1	Mathey	Pub	2	118	No	107	75	80	51	86	60	86	60
0026 061	2	Mathey	Pub	1	274	No	121	14	72	11	91	13	91	13
0026 062	2	Mathey	Pub	2	272	No	122	15	77	13	107	16	107	16
0026 063	2	Mathey	Pub	1	270	No	110	12	85	14	88	12	88	12
0028 011	2	Rockefeller	Pub	1	305	No	16	2	24	3	24	3
0028 012	1	Rockefeller	Pub	2	200	No	5	2	4	2	1	1	1	1
0028 022	1	Rockefeller	Pub	2	110	No	74	42	69	40	61	35	61	35
0028 024	1	Rockefeller	Pub	3	110	No	77	43	61	34	56	32	56	32
0028 025	1	Rockefeller	Pub	4	125	No	57	34	62	35	54	30	54	30
0028 026	2	Rockefeller	Pub	4	235	No	89	10	58	12	74	12	74	12
0028 027	4	Rockefeller	Pub	5	620	No	52	17	41	13	58	17	58	17
0028 037	4	Rockefeller	Pub	3	458	No	92	31	72	17	81	29	81	29
0028 041	4	Rockefeller	Pub	1	470	No	86	29	88	24	70	22	70	22
0028 042	4	Rockefeller	Pub	1	448	No	71	25	92	28	75	25	75	25
0028 046	4	Rockefeller	Pub	3	549	No	42	11	68	15	47	15	47	15
0028 055	2	Rockefeller	Pub	2	186	No	64	13
0028 056	1	Rockefeller	Pub	3	122	No	54	31	17	12	17	12
0028 057	1	Rockefeller	Pub	3	160	No	22	12	40	22
0028 061	4	Rockefeller	Pub	1	508	No	61	20	83	20	19	6	19	6
0028 062	4	Rockefeller	Pub	1	444	No	75	26	90	26	76	26	76	26
0028 063	4	Rockefeller	Pub	1	530	No	44	13	79	19	53	16	53	16
0028 066	4	Rockefeller	Pub	2	523	No	43	12	53	14	63	19	63	19
0028 067	4	Rockefeller	Pub	3	761	No	47	14	39	12	16	5	16	5
0028 068	1	Rockefeller	Pub	3	179	No	25	15	12	8	2	2	2	2
0028 073	4	Rockefeller	Pub	1	467	No	64	22	87	23	69	21	69	21
0028 074	2	Rockefeller	Pub	2	326	No	14	2	11	1	23	2	23	2
0028 075	1	Rockefeller	Pub	2	135	No	14	10	14	10
0028 076	1	Rockefeller	Pub	2	169	No	24	14	9	6	4	4	4	4
0028 078	2	Rockefeller	Pub	3	250	No	34	5	81	15	38	4	38	4
0028 079	1	Rockefeller	Pub	3	176	No	33	21	15	10	3	3	3	3
0028 081	4	Rockefeller	Pub	1	483	No	63	21	86	22	64	20	64	20
0028 085	1	Rockefeller	Pub	3	158	No	46	28	34	18
0028 088	1	Rockefeller	Pub	3	215	No	21	11	2	1
0028 092	4	Rockefeller	Pub	1	440	No	70	24	93	29	77	27	77	27
0028 093	2	Rockefeller	Pub	2	197	No
0028 094	2	Rockefeller	Pub	2	201	No
0028 095	1	Rockefeller	Pub	3	112	No	67	40	77	46	65	36	65	36
0028 096	2	Rockefeller	Pub	3	246	No	87	9	82	16	42	5	42	5
0028 097	1	Rockefeller	Pub	3	118	No	62	37	63	36	39	23	39	23
0028 107	4	Rockefeller	Pub	3	748	No	58	19	71	16	34	12	34	12
0028 111	4	Rockefeller	Pub	1	437	No	88	30	79	28	79	28
0028 115	1	Rockefeller	Pub	3	128	No	23	13	26	15	26	15
0028 116	1	Rockefeller	Pub	3	176	No	9	5	31	17
0028 123	4	Rockefeller	Pub	2	402	No
0028 124	2	Rockefeller	Pub	2	200	No	46	8	46	8
0028 135	2	Rockefeller	Pub	2	182	No
0028 142	1	Rockefeller	Pub	2	166	No	38	23	13	9	10	7	10	7
0028 143	4	Rockefeller	Pub	3	462	No	76	27	91	27	72	24	72	24
0029 113	1	Mathey	Pub	1	176	No	15	14	16	12
0029 124	4	Mathey	Pub	2	628	No	93	15	61	5	105	23	105	23
0029 221	1	Mathey	Pub	2	145	No	34	29	37	29	1	1	1	1
0029 322	1	Mathey	Pub	2	129	No	47	38	58	44	62	46	62	46
0029 324	5	Mathey	Pub	2	957	No	52	1	48	1	27	1	27	1
0029 325	1	Mathey	Pub	2	127	No	94	66	57	43	61	45	61	45
0030 111	4	Upperclass	Pub	1	530	No	540	35	536	37	562	60	562	60
0030 112	3	Upperclass	Pub	1	447	No	535	55	375	32	383	45	383	45
0030 121	4	Upperclass	Pub	2	529	No	573	41	537	38	522	52	522	52
0030 122	3	Upperclass	Pub	2	441	No	536	56	427	38	454	62	454	62
0030 211	3	Upperclass	Pub	1	425	No	588	68	658	76	486	67	486	67
0030 212	3	Upperclass	Pub	1	409	No	632	85	670	80	556	84	556	84
0030 221	3	Upperclass	Pub	2	428	No	611	75	685	89	544	80	544	80
0030 222	3	Upperclass	Pub	2	415	No	624	80	684	88	548	82	548	82
0030 231	1	Upperclass	Pub	3	126	No	275	201	530	356	325	205	325	205
0030 232	1	Upperclass	Pub	3	152	No	252	184	340	233	244	153	244	153
0030 233	1	Upperclass	Pub	3	160	No	208	146	328	223	248	156	248	156
0030 234	4	Upperclass	Pub	3	639	No	452	27	571	39	143	12	143	12
0030 235	1	Upperclass	Pub	3	151	No	253	185	338	231	285	178	285	178
0030 236	1	Upperclass	Pub	3	127	No	339	232	386	235	386	235
0030 311	3	Upperclass	Pub	1	424	No	565	63	654	73	388	46	388	46
0030 312	3	Upperclass	Pub	1	415	No	566	64	655	74	509	72	509	72
0030 321	3	Upperclass	Pub	2	429	No	616	76	676	82	401	50	401	50
0030 322	3	Upperclass	Pub	2	416	No	625	81	677	83	400	49	400	49
0030 401	1	Upperclass	Pub	A	223	No	92	60	123	78	114	62	114	62
0030 402	3	Upperclass	Pub	A	399	No	651	93	704	101	563	88	563	88
0030 403	1	Upperclass	Pub	A	235	No	595	379	10	6	18	13	18	13
0030 404	2	Upperclass	Pub	A	394	No	413	48	221	42	262	46	262	46
0030 412	3	Upperclass	Pub	1	399	No	646	92	698	97	558	86	558	86
0030 413	1	Upperclass	Pub	1	235	No	610	380	40	21	16	11	16	11
0030 414	3	Upperclass	Pub	1	437	No	583	67	620	67	406	51	406	51
0030 421	5	Upperclass	Pub	2	775	No	439	1	268	1	269	1	269	1
0030 422	3	Upperclass	Pub	2	396	No	652	94	689	92	555	83	555	83
0030 431	1	Upperclass	Pub	3	153	No	270	196	293	197	246	154	246	154
0030 432	1	Upperclass	Pub	3	164	No	76	48	283	189	158	92	158	92
0030 433	1	Upperclass	Pub	3	152	No	243	175	291	195
0030 434	1	Upperclass	Pub	3	124	No	541	360
0030 435	1	Upperclass	Pub	3	120	No	273	199	544	363	317	198	317	198
0030 436	1	Upperclass	Pub	3	126	No	272	198	525	354	390	236	390	236
0030 437	1	Upperclass	Pub	3	191	No	642	383	120	76	53	29	53	29
0030 438	1	Upperclass	Pub	3	180	No	78	49	275	182	52	28	52	28
0030 439	1	Upperclass	Pub	3	142	No	274	200	292	196
0030 511	2	Upperclass	Pub	1	351	No	67	14	116	25	19	3	19	3
0030 521	2	Upperclass	Pub	2	347	No	48	10	119	26	30	4	30	4
0030 522	2	Upperclass	Pub	2	360	No	587	92	675	109	523	89	523	89
0030 601	4	Upperclass	Pub	A	684	No	451	26	414	21	295	25	295	25
0030 611	3	Upperclass	Pub	1	439	No	526	54	610	66	389	47	389	47
0030 612	2	Upperclass	Pub	1	266	No	592	94	641	106	440	74	440	74
0030 613	2	Upperclass	Pub	1	253	No	585	91	612	96	550	95	550	95
0030 621	3	Upperclass	Pub	2	431	No	601	70	680	86	411	53	411	53
0030 622	2	Upperclass	Pub	2	265	No	557	86	440	71	542	92	542	92
0030 623	2	Upperclass	Pub	2	257	No	558	87	495	79	547	93	547	93
0030 631	3	Upperclass	Pub	3	456	No	473	47	570	56	366	44	366	44
0030 632	1	Upperclass	Pub	3	148	No	239	171	342	235	296	185	296	185
0030 633	1	Upperclass	Pub	3	226	No	614	381	728	422	29	21	29	21
0030 634	1	Upperclass	Pub	3	130	No	294	217	502	340	247	155	247	155
0040 112	1	Independent	Pub	1	160	No	51	39	11	10
0040 113	1	Independent	Pub	1	168	No	46	37	5	5
0040 114	2	Independent	Pub	1	435	No	17	2	54	6	5	1	5	1
0040 115	1	Independent	Pub	1	207	No	8	7	35	30
0040 116	1	Independent	Pub	1	191	No	36	29	36	31	47	32	47	32
0040 121	2	Independent	Prv	2	444	No	97	15	34	5	108	25	108	25
0040 122	1	Independent	Pub	2	168	No	40	32	62	48	55	36	55	36
0040 124	2	Independent	Prv	2	438	No	102	17	59	9	83	21	83	21
0040 125	1	Independent	Pub	2	186	No	27	22	60	46	32	24	32	24
0040 131	2	Independent	Prv	3	464	No	63	11	126	27	107	24	107	24
0040 132	1	Independent	Pub	3	177	No	53	41	53	44
0040 133	1	Independent	Pub	3	174	No	9	8	61	47	61	41	61	41
0040 134	2	Independent	Prv	3	436	No	101	16	77	11	103	22	103	22
0040 135	1	Independent	Pub	3	145	No	99	75	63	49	71	47	71	47
0040 141	2	Independent	Pub	4	373	No	116	24	119	24	104	23	104	23
0040 142	2	Independent	Pub	4	295	No	123	26	120	25
0040 143	1	Upperclass	Pub	4	129	No	525	353	561	373	527	302	527	302
0040 144	1	Upperclass	Pub	4	192	No	295	218	203	134	363	221	363	221
0040 211	2	Upperclass	Pub	1	375	No	66	13	39	10	67	15	67	15
0040 212	1	Independent	Pub	1	148	No	75	53	102	74	91	55	91	55
0040 213	2	Upperclass	Pub	1	350	No	122	23	127	28	110	25	110	25
0040 214	1	Independent	Pub	1	146	No	90	68	88	69
0040 221	2	Upperclass	Pub	2	373	No	1	1	9	3	59	12	59	12
0040 222	1	Upperclass	Pub	2	165	No	181	124	423	294	215	131	215	131
0040 223	1	Upperclass	Pub	2	176	No	182	125	129	83
0040 224	1	Upperclass	Pub	2	168	No	304	225	128	82	214	130	214	130
0040 225	1	Upperclass	Pub	2	163	No	329	244	265	177
0040 230	1	Upperclass	Pub	3	82	No	579	377	649	417	553	312	553	312
0040 232	1	Upperclass	Pub	3	132	No	617	382	600	396	494	284	494	284
0040 233	1	Upperclass	Pub	3	134	No	491	283	491	283
0040 234	2	Upperclass	Pub	3	263	No
0040 235	1	Upperclass	Pub	3	157	No
0040 241	1	Upperclass	Pub	4	230	No	210	148	200	131
0040 242	2	Upperclass	Pub	4	237	No	636	101	693	111	602	103	602	103
0040 243	1	Upperclass	Pub	4	136	No	209	147	201	132
0040 311	1	Upperclass	Pub	1	209	No	100	65	193	127	152	88	152	88
0040 312	1	Upperclass	Pub	1	210	No	101	66	191	125	151	87	151	87
0040 313	2	Upperclass	Pub	1	349	No	197	32	92	18	111	26	111	26
0040 314	3	Upperclass	Pub	1	407	No	681	106	697	96	543	79	543	79
0040 315	1	Upperclass	Pub	1	166	No	470	321	153	89	153	89
0040 316	1	Upperclass	Pub	1	169	No	416	291	154	90	154	90
0040 321	1	Upperclass	Pub	2	213	No	207	145	132	86	109	59	109	59
0040 322	2	Upperclass	Pub	2	348	No	27	7	108	24	108	24
0040 323	3	Upperclass	Pub	2	414	No	630	84	699	98	333	38	333	38
0040 324	1	Upperclass	Pub	2	174	No	277	203	228	150
0040 325	1	Upperclass	Pub	2	169	No	276	202	229	151
0040 332	1	Upperclass	Pub	3	231	No	95	61	90	58	24	18	24	18
0040 333	3	Upperclass	Pub	3	423	No	629	83	692	94	467	64	467	64
0040 334	1	Upperclass	Pub	3	177	No	203	142	190	124
0040 335	1	Upperclass	Pub	3	113	No	533	358	634	409
0040 342	2	Upperclass	Pub	4	317	No	94	19	122	27
0040 343	1	Upperclass	Pub	4	228	No	96	62	192	126	126	73	126	73
0040 344	1	Upperclass	Pub	4	216	No	97	63	152	100	122	69	122	69
0040 345	4	Upperclass	Pub	4	577	No	456	28	710	67
0040 346	1	Upperclass	Pub	4	101	No	576	375	639	413
0040 411	1	Upperclass	Pub	1	179	No	107	72	178	116	155	91	155	91
0040 412	1	Upperclass	Pub	1	176	No	373	277	174	112
0040 413	1	Upperclass	Pub	1	178	No	106	71	176	114
0040 414	1	Upperclass	Pub	1	200	No	104	69	177	115
0040 421	1	Upperclass	Pub	2	180	No	139	95	217	143	125	72	125	72
0040 422	1	Upperclass	Pub	2	171	No	300	223	215	141	347	210	347	210
0040 423	1	Upperclass	Pub	2	164	No	330	245	216	142
0040 424	1	Upperclass	Pub	2	166	No	301	224	232	154
0040 427	1	Upperclass	Pub	2	167	No	113	76	206	137	207	125	207	125
0040 428	2	Upperclass	Pub	2	172	No	115	22	214	41	601	102	601	102
0040 429	1	Upperclass	Pub	2	113	No	114	77	234	156
0040 431	1	Upperclass	Pub	3	175	No	202	141	233	155	233	144	233	144
0040 432	1	Upperclass	Pub	3	133	No	493	340	566	377	495	285	495	285
0040 433	1	Upperclass	Pub	3	183	No	200	139	204	135	232	143	232	143
0040 434	1	Upperclass	Pub	3	152	No	204	143
0040 435	2	Upperclass	Pub	3	247	No	198	33	222	43	589	100	589	100
0040 436	1	Upperclass	Pub	3	131	No	199	138	100	66
0040 437	1	Upperclass	Pub	3	128	No	511	348	604	399
0040 438	2	Upperclass	Pub	3	239	No	404	47	227	45
0040 439	1	Upperclass	Pub	3	117	No	201	140	235	157	515	296	515	296
0040 440	1	Upperclass	Pub	4	103	No	574	374	638	412	541	309	541	309
0040 441	1	Upperclass	Pub	4	115	No	570	372	637	411
0040 441A	1	Upperclass	Pub	4	124	No	569	371	636	410	532	305	532	305
0040 442	2	Upperclass	Pub	4	428	No	599	95	556	89	549	94	549	94
0040 443	2	Upperclass	Pub	4	319	No	628	99	682	110	573	98	573	98
0040 511	4	Upperclass	Prv	1	809	No	85	6	37	5	43	6	43	6
0040 601	1	Upperclass	Pub	A	188	No	320	236	364	251	292	183	292	183
0040 602	4	Upperclass	Pub	A	563	No	586	44	665	53	294	24	294	24
0040 603	1	Upperclass	Pub	A	234	No	225	160	125	80	270	168	270	168
0040 611	2	Upperclass	Pub	1	349	No	108	20	96	19	131	29	131	29
0040 612	1	Upperclass	Pub	1	176	No	305	226	99	65	293	184	293	184
0040 613	1	Upperclass	Pub	1	204	No	110	74	95	62	85	46	85	46
0040 614	3	Upperclass	Pub	1	402	No	686	109	701	99	576	93	576	93
0040 615	1	Upperclass	Pub	1	156	No	356	265	97	63
0040 616	1	Upperclass	Pub	1	196	No	269	195	94	61	133	77	133	77
0040 617	1	Upperclass	Pub	1	199	No	109	73	98	64
0040 621	2	Upperclass	Pub	2	353	No	41	9	32	9	58	11	58	11
0040 622	1	Upperclass	Pub	2	166	No	244	176	266	165	266	165
0040 623	1	Upperclass	Pub	2	205	No	105	70	33	17	9	5	9	5
0040 624	1	Upperclass	Pub	2	178	No	176	120	131	85	265	164	265	164
0040 625	1	Upperclass	Pub	2	194	No	240	172	74	47	208	126	208	126
0040 626	1	Upperclass	Pub	2	125	No	509	347	619	403	501	288	501	288
0040 630	1	Upperclass	Pub	3	121	No	568	370	590	389
0040 631	1	Upperclass	Pub	3	84	No	648	416
0040 631A	1	Upperclass	Pub	3	88	No	647	415
0040 632	1	Upperclass	Pub	3	194	No	238	170	130	84	127	74	127	74
0040 633	1	Upperclass	Pub	3	215	No	103	68	75	48
0040 634	1	Upperclass	Pub	3	215	No	102	67	73	46	142	81	142	81
0040 641	4	Upperclass	Pub	4	588	No	600	51	671	57	340	32	340	32
0040 643	1	Upperclass	Pub	4	149	No	455	321	507	343
0040 701	1	Upperclass	Pub	A	162	No	420	306	369	255	464	271	464	271
0040 702	1	Upperclass	Pub	A	161	No	371	257	480	281	480	281
0040 703	1	Upperclass	Pub	A	155	No	409	302	370	256	482	282	482	282
0040 704	2	Upperclass	Pub	A	399	No	688	107	709	114	132	30	132	30
0040 705	1	Upperclass	Pub	A	168	No	406	299	372	258	463	270	463	270
0040 711	1	Upperclass	Pub	1	168	No	230	164	310	206	449	265	449	265
0040 712	1	Upperclass	Pub	1	164	No	231	165	312	208	462	269	462	269
0040 713	1	Upperclass	Pub	1	171	No	228	162	311	207	450	266	450	266
0040 714	1	Upperclass	Pub	1	170	No	229	163	211	140
0040 715	1	Upperclass	Pub	1	165	No	233	167	313	209	445	262	445	262
0040 716	1	Upperclass	Pub	1	149	No	232	166	480	329	473	277	473	277
0040 717	1	Upperclass	Pub	1	167	No	309	229	317	213	474	278	474	278
0040 718	3	Upperclass	Pub	1	389	No	682	107	702	100	578	94	578	94
0040 719	1	Upperclass	Pub	1	165	No	310	230	314	210	420	250	420	250
0040 721	1	Upperclass	Pub	2	177	No	43	27	67	42
0040 722	1	Upperclass	Pub	2	164	No	42	26	365	252
0040 724	1	Upperclass	Pub	2	131	No	563	374	500	287	500	287
0040 725	1	Upperclass	Pub	2	133	No	555	370	498	286	498	286
0040 727	1	Upperclass	Pub	2	155	No	307	227	135	87
0040 728	3	Upperclass	Pub	2	446	No	635	86	635	69	414	54	414	54
0040 731	1	Upperclass	Pub	3	177	No	296	219	315	211
0040 732	1	Upperclass	Pub	3	144	No	379	282	316	212
0040 733	1	Upperclass	Pub	3	145	No	378	281	482	330
0040 734	2	Upperclass	Pub	3	252	No	51	11	706	113	577	99	577	99
0040 735	1	Upperclass	Pub	3	251	No	52	33	727	421
0040 741	1	Upperclass	Pub	4	183	No	318	235	366	253	370	225	370	225
0040 742	1	Upperclass	Pub	4	156	No	411	304	471	322
0040 743	1	Upperclass	Pub	4	137	No	412	305	557	371	518	299	518	299
0042 101	2	Upperclass	Prv	A	434	No	361	43	197	39	186	38	186	38
0042 102	1	Upperclass	Pub	A	204	No	333	246	198	130	282	177	282	177
0042 111	3	Upperclass	Pub	1	401	No	645	91	583	59	585	97	585	97
0042 112	1	Upperclass	Pub	1	148	No	392	291	425	253	425	253
0042 113	1	Upperclass	Pub	1	173	No	393	292
0042 114	3	Upperclass	Pub	1	441	No	644	90	581	58	513	73	513	73
0042 121	3	Upperclass	Pub	2	414	No	550	59	161	9	561	87	561	87
0042 122	1	Upperclass	Pub	2	151	No	395	294	448	304	448	264	448	264
0042 123	1	Upperclass	Pub	2	171	No	368	274	224	148	267	166	267	166
0042 124	3	Upperclass	Pub	2	454	No	366	31	606	64	349	42	349	42
0042 131	3	Upperclass	Pub	3	400	No	665	99	679	85	590	98	590	98
0042 132	1	Upperclass	Pub	3	152	No	377	280	447	303
0042 133	4	Upperclass	Pub	3	525	No	597	49	607	43	380	35	380	35
0042 201	1	Upperclass	Pub	A	146	No	477	334	145	95	168	100	168	100
0042 202	2	Upperclass	Pub	A	370	No	214	35	143	31	166	35	166	35
0042 203	3	Upperclass	Pub	A	463	No	492	50	144	8	167	16	167	16
0042 204	1	Upperclass	Pub	A	179	No	216	153	141	93
0042 205	1	Upperclass	Pub	A	167	No	215	152	142	94
0042 211	3	Upperclass	Pub	1	397	No	626	82	708	103
0042 213	1	Upperclass	Pub	1	168	No	265	193	449	305
0042 215	1	Upperclass	Pub	1	166	No	394	293	450	306	423	252	423	252
0042 221	3	Upperclass	Pub	2	430	No	618	77	646	71	537	78	537	78
0042 222	4	Upperclass	Pub	2	545	No	596	48	160	11	412	40	412	40
0042 301	1	Upperclass	Pub	A	174	No	280	205	397	279	376	230	376	230
0042 302	1	Upperclass	Pub	A	188	No	281	206	398	280	372	227	372	227
0042 303	1	Upperclass	Pub	A	185	No	282	207	401	283	371	226	371	226
0042 304	3	Upperclass	Pub	A	431	No	604	73	661	77	579	95	579	95
0042 306	1	Upperclass	Pub	A	168	No	374	278	400	282	439	260	439	260
0042 307	1	Upperclass	Pub	A	164	No	375	279	399	281
0042 308	1	Upperclass	Pub	A	166	No	283	208	478	327	443	261	443	261
0042 311	3	Upperclass	Pub	1	414	No	672	81	575	92	575	92
0042 312	3	Upperclass	Pub	1	453	No	548	58	417	35	446	61	446	61
0042 313	1	Upperclass	Pub	1	173	No	263	191	205	136
0042 314	1	Upperclass	Pub	1	170	No	264	192	149	97
0042 315	2	Upperclass	Pub	1	351	No	162	29	147	33	157	34	157	34
0042 316	2	Upperclass	Pub	1	382	No	673	105	13	4	37	7	37	7
0042 317	2	Upperclass	Pub	1	376	No	26	6	38	8	38	8
0042 318	1	Upperclass	Pub	1	211	No	163	110	25	16	181	110	181	110
0042 321	2	Upperclass	Pub	2	411	No	648	102	14	5	12	2	12	2
0042 322	3	Upperclass	Pub	2	437	No	487	48	605	63	546	81	546	81
0042 323	1	Upperclass	Pub	2	168	No	369	275	223	147	348	211	348	211
0042 324	1	Upperclass	Pub	2	174	No	367	273	148	96	11	7	11	7
0042 325	2	Upperclass	Pub	2	350	No	161	28	146	32	156	33	156	33
0042 326	3	Upperclass	Pub	2	386	No	668	101	713	104	603	102	603	102
0042 327	1	Upperclass	Pub	2	112	No	546	363	602	398	531	304	531	304
0042 328	1	Upperclass	Pub	2	133	No	527	355
0042 329	1	Upperclass	Pub	2	119	No	486	338	601	397	512	295	512	295
0042 329A	1	Upperclass	Pub	2	123	No	582	385
0042 331	4	Upperclass	Pub	3	638	No	132	11	446	27	290	23	290	23
0042 332	1	Upperclass	Pub	3	184	No	364	271	195	129
0042 333	1	Upperclass	Pub	3	188	No	365	272	194	128	314	195	314	195
0042 334	1	Upperclass	Pub	3	198	No	260	189	151	99
0042 335	1	Upperclass	Pub	3	190	No	133	89	150	98
0042 341	4	Upperclass	Pub	4	603	No	376	17	412	20	274	22	274	22
0043 101	1	Independent	Pub	A	165	No	100	76	31	27	67	45	67	45
0043 102	1	Independent	Pub	A	197	No	28	23	30	26	6	5	6	5
0043 103	1	Independent	Pub	A	202	No	10	9	27	24	60	40	60	40
0043 104	2	Upperclass	Prv	A	595	No
0043 111	3	Independent	Pub	1	388	No	119	7	122	12	111	12	111	12
0043 112	3	Independent	Pub	1	395	No	127	13	121	11	110	11	110	11
0043 113	4	Independent	Pub	1	519	No	115	8	115	8	106	10	106	10
0043 114	4	Upperclass	Pub	1	519	No	598	50	643	46	572	65	572	65
0043 115	1	Independent	Pub	1	238	No	72	50	64	50	90	54	90	54
0043 116	1	Independent	Pub	1	210	No	87	65	76	61	92	56	92	56
0043 121	2	Upperclass	Pub	2	313	No	77	17	171	37	183	37	183	37
0043 122	3	Upperclass	Pub	2	392	No	672	103	632	68	593	100	593	100
0043 123	4	Upperclass	Pub	2	523	No	593	46	458	28	377	34	377	34
0043 124	4	Upperclass	Pub	2	518	No	594	47	742	85	586	71	586	71
0043 125	1	Upperclass	Pub	2	238	No	5	4	128	75	128	75
0043 131	1	Upperclass	Pub	3	139	No	344	256	559	372	508	293	508	293
0043 132	1	Upperclass	Pub	3	176	No	339	252	382	266	211	127	211	127
0043 133	4	Upperclass	Pub	3	524	No	572	40	489	31	385	37	385	37
0043 134	3	Upperclass	Pub	3	473	No	371	32	528	47	330	36	330	36
0043 136	1	Upperclass	Pub	3	142	No	379	263
0043 137	1	Upperclass	Pub	3	137	No	496	337
0043 141	4	Upperclass	Pub	4	642	No	370	16	429	24	209	16	209	16
0043 151	3	Upperclass	Pub	5	406	No	654	95	360	30	210	23	210	23
0043 201	1	Upperclass	Pub	A	182	No	248	180	373	259	421	251	421	251
0043 202	1	Upperclass	Pub	A	187	No	247	179	362	249	418	248	418	248
0043 203	1	Upperclass	Pub	A	209	No	16	10	320	216
0043 204	1	Upperclass	Pub	A	213	No	15	9	296	200
0043 205	1	Upperclass	Pub	A	198	No	14	8	336	229	289	182	289	182
0043 206	1	Upperclass	Pub	A	193	No	12	6	351	242	288	181	288	181
0043 207	1	Upperclass	Pub	A	193	No	18	11	347	239	324	204	324	204
0043 211	1	Upperclass	Pub	1	175	No	249	181	361	248	361	219	361	219
0043 212	3	Upperclass	Pub	1	401	No	666	100	718	107
0043 214	1	Upperclass	Pub	1	162	No	445	313	358	246	393	239	393	239
0043 215	2	Upperclass	Pub	1	366	No	106	22	87	18	87	18
0043 216	2	Upperclass	Pub	1	363	No	17	3	102	21
0043 217	2	Upperclass	Pub	1	392	No	689	108	101	20	61	13	61	13
0043 218	1	Upperclass	Pub	1	165	No	13	7	403	284	394	240	394	240
0043 220	1	Upperclass	Pub	2	179	No	334	247	356	244	226	137	226	137
0043 221	1	Upperclass	Pub	2	133	No	446	314	479	328
0043 222	1	Upperclass	Pub	2	93	No	652	418
0043 222A	1	Upperclass	Pub	2	139	No	447	315	508	344	503	289	503	289
0043 223	1	Upperclass	Pub	2	133	No	459	323	565	376	504	290	504	290
0043 224	1	Upperclass	Pub	2	167	No	335	248	359	247	227	138	227	138
0043 225	2	Upperclass	Pub	2	370	No	29	8	58	12	83	17	83	17
0043 226	3	Upperclass	Pub	2	490	No	259	18	404	33	225	26	225	26
0043 227	1	Upperclass	Pub	2	110	No	621	404	534	306	534	306
0043 228	1	Upperclass	Pub	2	106	No	631	408	539	308	539	308
0043 229	1	Upperclass	Pub	2	166	No	338	251	357	245	228	139	228	139
0043 230	1	Upperclass	Pub	3	143	No	378	262	507	292	507	292
0043 231	1	Upperclass	Pub	3	144	No	380	264	374	228	374	228
0043 232	3	Upperclass	Pub	3	454	No	567	65	415	34	502	70	502	70
0043 233	1	Upperclass	Pub	3	194	No	321	237	318	214	351	213	351	213
0043 234	3	Upperclass	Pub	3	436	No	603	72	560	53	528	77	528	77
0043 235	1	Upperclass	Pub	3	164	No	336	249	381	265	375	229	375	229
0043 236	1	Upperclass	Pub	3	181	No	337	250	346	238	357	217	357	217
0043 301	1	Upperclass	Pub	A	216	No	257	188	281	187	256	159	256	159
0043 302	3	Upperclass	Prv	A	436	No	430	42	729	111	605	104	605	104
0043 311	3	Upperclass	Pub	1	407	No	580	57	191	19	191	19
0043 312	1	Upperclass	Pub	1	196	No	246	178	341	234	190	115	190	115
0043 313	1	Upperclass	Pub	1	194	No	245	177	248	166
0043 314	3	Upperclass	Pub	1	431	No	551	60	509	44	192	20	192	20
0043 321	3	Upperclass	Pub	2	457	No	553	61	474	42	189	18	189	18
0043 323	1	Upperclass	Pub	2	113	No	519	351	579	384	529	303	529	303
0043 324	3	Upperclass	Pub	2	461	No	444	46	355	29
0043 331	4	Upperclass	Pub	3	525	No	580	43	593	42	538	56	538	56
0043 332	1	Upperclass	Pub	3	120	No	527	354	595	391	535	307	535	307
0043 333	3	Upperclass	Pub	3	402	No	669	102	594	62	591	99	591	99
0047 101	3	Upperclass	Pub	A	444	No	416	38	586	60	407	52	407	52
0047 102	2	Upperclass	Pub	A	335	No	537	82	587	93	334	55	334	55
0047 103	1	Upperclass	Pub	A	155	No	431	311	460	313
0047 104	3	Upperclass	Pub	A	404	No	432	43	683	87	570	91	570	91
0047 105	1	Upperclass	Pub	A	142	No	469	320
0047 111	1	Upperclass	Pub	1	122	No	211	149	85	53
0047 112	2	Upperclass	Pub	1	402	No	667	103	83	17	31	5	31	5
0047 113	1	Upperclass	Pub	1	194	No	212	150	84	52	216	132	216	132
0047 114	1	Upperclass	Pub	1	191	No	213	151	396	278	255	158	255	158
0047 115	2	Upperclass	Pub	1	380	No	685	106	57	11	97	21	97	21
0047 116	1	Upperclass	Pub	1	183	No	355	264	56	35
0047 117	2	Upperclass	Pub	1	370	No	385	45	492	78	417	66	417	66
0047 118	3	Upperclass	Pub	1	427	No	419	39	666	79	565	89	565	89
0047 119	2	Upperclass	Pub	1	337	No	418	50	603	94	488	84	488	84
0047 121	1	Upperclass	Pub	2	122	No	222	159	59	36	525	301	525	301
0047 122	4	Upperclass	Pub	2	503	No	643	63	644	47	554	58	554	58
0047 123	4	Upperclass	Pub	2	502	No	608	53	740	83
0047 124	2	Upperclass	Pub	2	336	No	531	80	622	100	524	90	524	90
0047 125	4	Upperclass	Pub	2	498	No	126	10	650	48	571	64	571	64
0047 126	1	Upperclass	Pub	2	167	No	350	260	463	315	229	140	229	140
0047 131	4	Upperclass	Pub	3	482	No	506	31	472	29	536	55	536	55
0047 132	1	Upperclass	Pub	3	219	No	235	168	121	77	218	133	218	133
0047 133	3	Upperclass	Pub	3	415	No	609	74	690	93	568	90	568	90
0047 141	4	Upperclass	Pub	4	799	No	647	64	730	75	327	30	327	30
0047 201	1	Upperclass	Pub	A	173	No	386	286	457	311	242	151	242	151
0047 202	2	Upperclass	Pub	A	375	No	510	74	226	44	438	73	438	73
0047 203	2	Upperclass	Pub	A	345	No	512	75	653	108	437	72	437	72
0047 212	3	Upperclass	Pub	1	378	No	663	98	722	108	595	101	595	101
0047 213	1	Upperclass	Pub	1	144	No	388	288	436	297	428	254	428	254
0047 214	1	Upperclass	Pub	1	153	No	387	287	435	296
0047 215	2	Upperclass	Pub	1	349	No	514	77	517	80	479	82	479	82
0047 221	2	Upperclass	Pub	2	331	No	343	40	633	105
0047 222	1	Upperclass	Pub	2	87	No	524	352	660	419	552	311	552	311
0047 222A	1	Upperclass	Pub	2	92	No	582	378	640	414
0047 223	1	Upperclass	Pub	2	157	No	351	261	363	250
0047 223A	1	Upperclass	Pub	2	129	No	510	345	506	291	506	291
0047 224	1	Upperclass	Pub	2	148	No	390	290	432	295	447	263	447	263
0047 225	1	Upperclass	Pub	2	145	No	439	298	477	279	477	279
0047 226	1	Upperclass	Pub	2	139	No	441	299	478	280	478	280
0047 232	1	Upperclass	Pub	3	139	No	460	324	493	335	516	297	516	297
0047 233	1	Upperclass	Pub	3	174	No	340	253	406	286	316	197	316	197
0047 234	1	Upperclass	Pub	3	156	No	341	254	407	287
0047 235	1	Upperclass	Pub	3	176	No	342	255	405	285
0047 301	4	Upperclass	Prv	A	556	No	523	34	433	26	530	53	530	53
0047 311	2	Upperclass	Pub	1	363	No	513	76	236	46	427	69	427	69
0047 312	2	Upperclass	Pub	1	355	No	141	24	133	29	107	23	107	23
0047 313	2	Upperclass	Pub	1	364	No	184	31	134	30	105	22	105	22
0047 314	1	Upperclass	Pub	1	185	No	140	96	257	171
0047 321	1	Upperclass	Pub	2	128	No	381	283	442	300	519	300	519	300
0047 322	2	Upperclass	Pub	2	296	No	19	4	76	15	424	67	424	67
0047 323	1	Upperclass	Pub	2	190	No	650	384	723	420	164	98	164	98
0047 324	2	Upperclass	Pub	2	246	No	20	5	438	70
0047 325	1	Upperclass	Pub	2	160	No	93	51	93	51
0047 331	4	Upperclass	Pub	3	686	No	552	38	659	50	254	20	254	20
0047 332	1	Upperclass	Pub	3	119	No	468	331	535	358
0047 333	1	Upperclass	Pub	3	144	No	389	289	109	70
0047 334	1	Upperclass	Pub	3	142	No	461	325	510	294	510	294
0047 335	1	Upperclass	Pub	3	158	No	227	161	453	308
0047 401	1	Upperclass	Pub	A	154	No	514	348
0047 402	1	Upperclass	Pub	A	186	No	360	268	309	205	241	150	241	150
0047 403	3	Upperclass	Pub	A	414	No	658	96	696	95
0047 404	1	Upperclass	Pub	A	190	No	325	240	93	60	10	6	10	6
0047 405	1	Upperclass	Pub	A	196	No	191	133	300	203	72	40	72	40
0047 411	3	Upperclass	Pub	1	839	No	28	2	30	2	8	2	8	2
0047 413	3	Upperclass	Pub	1	459	No	391	34	254	18	415	55	415	55
0047 421	2	Upperclass	Pub	2	351	No	627	98	31	8	135	31	135	31
0047 431	2	Upperclass	Pub	3	330	No	226	37	108	23
0047 441	2	Upperclass	Pub	4	372	No	27	7	182	38
0047 511	3	Upperclass	Pub	1	436	No	234	14	725	109	611	107	611	107
0047 512	2	Upperclass	Pub	1	377	No	419	65	263	47	263	47
0047 513	2	Upperclass	Pub	1	364	No	115	24	179	36	179	36
0047 521	3	Upperclass	Pub	2	440	No	279	21	726	110	610	106	610	106
0047 522	2	Upperclass	Pub	2	357	No	482	63	424	66	291	50	291	50
0047 523	2	Upperclass	Pub	2	361	No	91	18	157	34	96	20	96	20
0047 531	5	Upperclass	Pub	3	768	No	612	2	513	2	353	2	353	2
0047 532	1	Upperclass	Pub	3	127	No	518	350	504	342
0047 533	1	Upperclass	Pub	3	150	No	490	334
0047 612	2	Upperclass	Pub	1	349	No	489	66	526	83	540	91	540	91
0047 613	1	Upperclass	Pub	1	155	No
0047 614	2	Upperclass	Prv	1	380	No	507	73	491	77	335	56	335	56
0047 615	1	Upperclass	Pub	1	187	No	236	169	322	218	275	171	275	171
0047 616	3	Upperclass	Pub	1	409	No	640	89	686	90	485	66	485	66
0047 617	3	Upperclass	Pub	1	485	No	435	45	737	112	328	34	328	34
0047 618	1	Upperclass	Pub	1	175	No	353	262	203	123	203	123
0047 621	2	Upperclass	Pub	2	381	No	352	42	437	69	323	53	323	53
0047 622	1	Upperclass	Pub	2	181	No	262	190	252	169	204	124	204	124
0047 623	2	Upperclass	Pub	2	430	No	223	36	255	48	206	40	206	40
0047 624	1	Upperclass	Pub	2	191	No	174	118	253	170	123	70	123	70
0047 625	3	Upperclass	Pub	2	395	No	684	108	715	105	607	105	607	105
0047 626	1	Upperclass	Pub	2	190	No	175	119	246	164	51	27	51	27
0047 627	2	Upperclass	Pub	2	437	No	261	38	303	54	205	39	205	39
0047 631	3	Upperclass	Pub	3	444	No	675	104	678	84	580	96	580	96
0047 632	4	Upperclass	Pub	3	621	No	683	80	739	82	609	82	609	82
0047 633	2	Upperclass	Pub	3	409	No	332	39	301	53
0049 101	1	Upperclass	Pub	A	234	No	399	295	465	317	81	45	81	45
0049 102	1	Upperclass	Pub	A	111	No	383	284	323	219	545	310	545	310
0049 103	2	Upperclass	Pub	A	380	No	671	104	724	115	50	10	50	10
0049 104	1	Upperclass	Pub	A	166	No	448	316	466	318
0049 111	1	Upperclass	Pub	1	238	No	180	123	410	290	45	25	45	25
0049 112	1	Upperclass	Pub	1	112	No	179	122	321	217	517	298	517	298
0049 113	3	Upperclass	Pub	1	377	No	677	105	705	102	604	103	604	103
0049 114	1	Upperclass	Pub	1	173	No	177	121	409	289	408	246	408	246
0049 121	2	Upperclass	Pub	2	384	No	607	97	645	107	489	85	489	85
0049 201	2	Independent	Pub	A	338	No	118	25	110	23	56	14	56	14
0049 211	1	Independent	Pub	1	179	No	96	73	104	75	66	44	66	44
0049 212	1	Independent	Pub	1	199	No	88	66	84	66	45	30	45	30
0049 213	3	Independent	Pub	1	450	No	120	8	114	7	73	6	73	6
0049 214	3	Independent	Pub	1	434	No	125	11	118	10	102	9	102	9
0049 221	1	Independent	Pub	2	188	No	48	40
0049 222	1	Independent	Pub	2	189	No	1	1	47	39	50	34	50	34
0049 223	3	Independent	Pub	2	440	No	109	6	116	8	105	10	105	10
0049 224	1	Independent	Pub	2	206	No	2	2	24	22	3	3	3	3
0049 225	1	Independent	Pub	2	194	No	7	6	23	21	29	21	29	21
0049 231	4	Independent	Pub	3	686	No	24	1	38	1	82	8	82	8
0049 232	4	Independent	Pub	3	722	No	113	7	127	10	78	5	78	5
0049 241	2	Independent	Pub	4	562	No	18	3	87	12	8	2	8	2
0049 242	2	Independent	Pub	4	420	No	98	17	24	4	24	4
0049 301	1	Independent	Pub	A	172	No	65	44	51	43
0049 302	1	Independent	Pub	A	216	No	43	35	33	29	31	23	31	23
0049 303	1	Independent	Pub	A	200	No	47	38	28	25	37	28	37	28
0049 304	1	Independent	Pub	A	181	No	54	42	45	37
0049 311	3	Upperclass	Pub	1	400	No	662	97	688	91	526	76	526	76
0049 312	1	Upperclass	Pub	1	178	No	288	211	332	226	101	56	101	56
0049 313	1	Upperclass	Pub	1	174	No	362	269	331	225	342	207	342	207
0049 315	1	Upperclass	Pub	1	177	No	289	212	333	227	346	209	346	209
0049 321	3	Independent	Pub	2	396	No	126	12	123	13	112	13	112	13
0049 322	1	Independent	Pub	2	181	No	16	15	50	42	59	39	59	39
0049 323	1	Independent	Pub	2	179	No	25	20	49	41	65	43	65	43
0049 324	1	Independent	Pub	2	177	No	32	26	57	45	64	42	64	42
0049 325	1	Independent	Pub	2	146	No	110	78	108	77	46	31	46	31
0049 331	1	Upperclass	Pub	3	170	No	495	341	459	312
0049 332	1	Upperclass	Pub	3	165	No	519	351
0049 401	1	Upperclass	Pub	A	219	Yes	196	137	209	139	182	111	182	111
0049 402	1	Upperclass	Pub	A	249	Yes	195	136	208	138	312	194	312	194
0049 411	1	Upperclass	Pub	1	182	Yes	354	263	334	228	350	212	350	212
0049 412	1	Upperclass	Pub	1	168	Yes	363	270	461	314
0049 413	1	Upperclass	Pub	1	198	Yes	194	135	298	202	345	208	345	208
0049 421	2	Upperclass	Pub	2	302	Yes	491	67	462	74	398	64	398	64
0049 422	1	Upperclass	Pub	2	90	No	578	376	520	352
0049 423	2	Upperclass	Pub	2	350	Yes	474	60	518	81	492	86	492	86
0049 431	2	Upperclass	Pub	3	283	Yes	584	90	623	101	559	96	559	96
0049 432	2	Upperclass	Pub	3	248	Yes	738	116	592	101	592	101
0049 433	1	Upperclass	Pub	3	122	No	378	231	378	231
0053 111	1	Independent	Pub	1	170	No	78	56	79	63
0053 112	1	Independent	Pub	1	204	No	66	45	68	53	7	6	7	6
0053 113	1	Independent	Pub	1	180	No	73	51	78	62
0053 121	1	Independent	Pub	2	173	No	79	57	81	65	95	58	95	58
0053 123	4	Independent	Pub	2	503	No	124	10	125	9	80	6	80	6
0053 124	1	Upperclass	Pub	2	174	No	138	94	269	179	161	95	161	95
0053 125	1	Upperclass	Pub	2	179	No	137	93	156	103	159	93	159	93
0053 126	1	Independent	Pub	2	165	No	81	59	91	71	40	29	40	29
0053 131	1	Independent	Pub	3	184	No	67	46	66	52	22	18	22	18
0053 132	2	Independent	Pub	3	318	No	69	13	67	10	72	17	72	17
0053 133	1	Independent	Pub	3	233	No	82	60	107	76	84	48	84	48
0053 134	1	Independent	Pub	3	172	No	76	54	74	59	97	60	97	60
0053 135	1	Independent	Pub	3	131	No	80	58	93	73	100	63	100	63
0053 136	1	Independent	Pub	3	166	No	77	55	92	72	99	62	99	62
0053 141	2	Upperclass	Pub	4	378	No	485	65	307	56
0053 142	1	Upperclass	Pub	4	165	No	160	109	266	178	235	146	235	146
0053 143	1	Upperclass	Pub	4	185	No	121	81	185	121	185	112	185	112
0053 211	1	Independent	Pub	1	176	No	74	52	80	64	96	59	96	59
0053 212	1	Independent	Pub	1	205	No	68	47	65	51	87	51	87	51
0053 213	2	Independent	Pub	1	252	No	3	1	124	26	109	26	109	26
0053 214	1	Independent	Pub	1	234	No	5	4	6	6	4	4	4	4
0053 221	1	Upperclass	Pub	2	176	No	84	54	173	111	147	83	147	83
0053 222	1	Upperclass	Pub	2	178	No	83	53	175	113	47	26	47	26
0053 223	1	Upperclass	Pub	2	169	No	131	88	262	175	230	141	230	141
0053 224	1	Upperclass	Pub	2	175	No	129	86	261	174	180	109	180	109
0053 225	1	Upperclass	Pub	2	177	No	130	87	154	102	148	84	148	84
0053 226	3	Upperclass	Pub	2	433	No	494	51	651	72	396	48	396	48
0053 227	1	Upperclass	Pub	2	185	No	111	75	153	101	145	82	145	82
0053 228	1	Upperclass	Pub	2	196	No	74	47	80	44	80	44
0053 231	1	Upperclass	Pub	3	182	No	46	30	61	38	106	58	106	58
0053 232	1	Upperclass	Pub	3	128	No	357	266	350	241	261	162	261	162
0053 233	1	Upperclass	Pub	3	140	No	45	29	62	39	237	148	237	148
0053 234	1	Upperclass	Pub	3	156	No	135	91	239	160	236	147	236	147
0053 235	1	Upperclass	Pub	3	149	No	136	92	260	173	234	145	234	145
0053 236	4	Upperclass	Pub	3	521	No	655	67	712	69	481	47	481	47
0053 237	2	Upperclass	Pub	3	449	No	54	12	64	13	92	19	92	19
0053 241	1	Upperclass	Pub	4	216	No	21	12	41	22	124	71	124	71
0053 242	1	Upperclass	Pub	4	157	No	348	240	231	142	231	142
0053 243	1	Upperclass	Pub	4	214	No	9	3	53	33	34	22	34	22
0053 244	2	Upperclass	Pub	4	342	No	633	100	345	58
0053 311	3	Upperclass	Pub	1	396	No	619	78	662	78
0053 312	1	Upperclass	Pub	1	172	No	128	85	189	123	171	102	171	102
0053 313	1	Upperclass	Pub	1	176	No	127	84	230	152
0053 314	3	Upperclass	Pub	1	394	No	620	79	588	61	134	11	134	11
0053 321	3	Upperclass	Pub	2	393	No	638	87	550	51	496	68	496	68
0053 322	1	Upperclass	Pub	2	175	No	134	90	137	89	199	120	199	120
0053 323	1	Upperclass	Pub	2	175	No	165	112	187	122	198	119	198	119
0053 324	3	Upperclass	Pub	2	389	No	589	69	552	52	497	69	497	69
0053 332	1	Upperclass	Pub	3	185	No	164	111	138	90	160	94	160	94
0053 333	1	Upperclass	Pub	3	138	No	140	92
0053 334	1	Upperclass	Pub	3	124	No	358	267	487	332
0053 401	3	Upperclass	Prv	A	593	No	639	88	608	65	49	4	49	4
0053 402	1	Upperclass	Pub	A	217	No	34	21	17	10	172	103	172	103
0053 413	3	Upperclass	Prv	1	557	No	539	57	545	50	338	39	338	39
0053 421	1	Upperclass	Pub	2	230	No	10	4	4	3	28	20	28	20
0053 422	2	Upperclass	Pub	2	495	No	143	25	430	68	33	6	33	6
0053 431	1	Upperclass	Pub	3	171	No	147	101	139	91	219	134	219	134
0053 432	2	Upperclass	Pub	3	332	No	538	83	299	52	139	32	139	32
0053 433	1	Upperclass	Pub	3	179	No	142	97	274	181	149	85	149	85
0053 501	4	Upperclass	Pub	A	538	No	605	52	669	56	413	41	413	41
0053 502	2	Upperclass	Pub	A	292	No	5	2	8	2	564	97	564	97
0053 503	1	Upperclass	Pub	A	158	No	44	28	68	43	253	157	253	157
0053 504	2	Upperclass	Pub	A	309	No	606	96	700	112
0053 511	1	Upperclass	Pub	1	175	No	149	102	71	45	175	106	175	106
0053 512	3	Upperclass	Pub	1	424	No	508	52	186	12	444	60	444	60
0053 513	1	Upperclass	Pub	1	176	No	150	103	183	119	173	104	173	104
0053 514	1	Upperclass	Pub	1	163	No	151	104	184	120	174	105	174	105
0053 515	2	Upperclass	Pub	1	369	No	148	26	267	50	239	43	239	43
0053 516	1	Upperclass	Pub	1	187	No	32	19	70	44	112	60	112	60
0053 517	1	Upperclass	Pub	1	202	No	11	5	22	13	86	47	86	47
0053 521	1	Upperclass	Pub	2	163	No	33	20	78	49	200	121	200	121
0053 523	1	Upperclass	Pub	2	105	No	384	285	276	183	240	149	240	149
0053 523A	1	Upperclass	Pub	2	235	No	6	2	1	1	17	12	17	12
0053 525	2	Upperclass	Pub	2	314	No	205	34	242	47	276	49	276	49
0053 527	1	Upperclass	Pub	2	188	No	24	15	79	50	64	35	64	35
0053 528	1	Upperclass	Pub	2	194	No	23	14	24	15	62	34	62	34
0053 531	1	Upperclass	Pub	3	207	No	31	18	21	12	42	23	42	23
0053 532	1	Upperclass	Pub	3	216	No	30	17	23	14	44	24	44	24
0053 533	1	Upperclass	Pub	3	112	No	458	322	515	349
0053 534	1	Upperclass	Pub	3	119	No	472	333	445	302
0053 535	3	Upperclass	Pub	3	486	No	7	1	716	106	557	85	557	85
0056 123	1	Wilson	Pub	2	161	No	14	8	8	7
0056 124	1	Wilson	Pub	2	151	No	19	12
0056 132	1	Wilson	Pub	3	151	No	6	5	10	9	21	10	21	10
0056 213	1	Wilson	Pub	1	157	No	20	13	30	25	8	5	8	5
0056 214	1	Wilson	Pub	1	164	No	10	6	9	8	4	3	4	3
0056 220	1	Wilson	Pub	2	148	No	31	20	12	11
0056 223	1	Wilson	Pub	2	152	No	18	11	13	12
0056 231	4	Wilson	Pub	3	701	No	27	4	29	3
0056 301	2	Wilson	Pub	A	246	No	37	4	81	2	24	3	24	3
0056 302	2	Wilson	Pub	A	186	No	21	3	91	5	73	7	73	7
0056 303	2	Wilson	Pub	A	185	No	12	2	93	6	76	9	76	9
0056 304	1	Wilson	Pub	A	183	No	11	7	4	4
0056 305	2	Wilson	Pub	A	186	No	8	1	87	3	74	8	74	8
0056 312	4	Wilson	Pub	1	476	No	88	13	86	14	75	16	75	16
0056 313	1	Wilson	Pub	1	146	No	4	3	1	1
0056 319	1	Wilson	Pub	1	176	No	5	4	7	6	6	4	6	4
0056 324	1	Wilson	Pub	2	158	No	3	2	2	2	13	7	13	7
0056 327	1	Wilson	Pub	2	175	No	2	1	6	5	3	2	3	2
0056 331	4	Wilson	Pub	3	755	No	7	2	5	1	23	7	23	7
0056 332	2	Wilson	Pub	3	659	No	65	5	88	4	19	2	19	2
0056 333	2	Wilson	Pub	3	201	No	72	6	72	6
0059 212	2	Mathey	Pub	1	386	No	19	5	21	5	21	5
0059 213	2	Mathey	Pub	1	366	No	73	8	33	6	22	6	22	6
0059 214	2	Mathey	Pub	1	332	No	72	7	47	8
0059 223	3	Mathey	Pub	2	390	No
0059 225	2	Mathey	Pub	2	394	No	46	5	14	3	9	2	9	2
0059 231	2	Mathey	Pub	3	290	No	108	11	59	10	67	10	67	10
0059 234	1	Mathey	Pub	3	167	No	17	16	38	30	29	20	29	20
0059 235	1	Mathey	Pub	3	238	No	16	15	17	13	8	6	8	6
0059 311	3	Mathey	Pub	1	424	No	30	1	56	1	26	1	26	1
0059 312	1	Mathey	Pub	1	156	No	43	36	46	38	32	22	32	22
0059 313	3	Mathey	Pub	1	409	No	132	3	104	3	104	3
0059 321	4	Mathey	Pub	2	508	No	130	30	108	24	108	24
0059 323	3	Mathey	Pub	2	421	No	133	4	81	2	81	2
0059 331	1	Mathey	Pub	3	155	No	48	39	52	42	36	25	36	25
0059 332	1	Mathey	Pub	3	200	No	8	7	26	20	18	13	18	13
0059 333	1	Mathey	Pub	3	188	No	18	17	28	22
0059 334	1	Mathey	Pub	3	144	No	74	54	78	49
0059 412	1	Mathey	Pub	1	212	No	24	21	21	15
0059 422	1	Mathey	Pub	2	205	No	26	23	22	16	17	12	17	12
0059 432	3	Mathey	Pub	3	331	No
0059 433	1	Mathey	Pub	3	195	No	4	3	29	23	16	11	16	11
0071 411	1	Butler	Pub	1	161	No	80	73	61	57
0071 412	1	Butler	Pub	1	160	No	131	106	138	111
0071 413	1	Butler	Pub	1	144	No	162	121	168	127	105	83	105	83
0071 414	1	Butler	Pub	1	146	No	163	122	156	118	100	81	100	81
0071 415	1	Butler	Pub	1	153	No	160	120	155	117
0071 421	1	Butler	Pub	2	160	No	155	119	148	115	80	67	80	67
0071 422	1	Butler	Pub	2	159	No	145	112	144	114	76	65	76	65
0071 423	1	Butler	Pub	2	144	No	164	123	143	113	97	78	97	78
0071 424	1	Butler	Pub	2	148	No	153	118	162	121	99	80	99	80
0071 425	1	Butler	Pub	2	153	No	152	117	161	120	98	79	98	79
0071 511	1	Butler	Pub	1	154	No	141	109	149	116	90	72	90	72
0071 512	1	Butler	Pub	1	145	No	167	126	113	86	113	86
0071 513	1	Butler	Pub	1	147	No	166	125	96	77	96	77
0071 514	1	Butler	Pub	1	154	No	150	116	142	112	91	73	91	73
0071 521	1	Butler	Pub	2	153	No	143	110	165	124	95	76	95	76
0071 522	1	Butler	Pub	2	145	No	144	111	169	128	114	87	114	87
0071 523	1	Butler	Pub	2	147	No	164	123	111	85	111	85
0071 524	1	Butler	Pub	2	154	No	133	107	163	122	104	82	104	82
0071 611	1	Butler	Pub	1	153	No	147	113	160	119	89	71	89	71
0071 612	1	Butler	Pub	1	142	No	116	89	116	89
0071 613	1	Butler	Pub	1	142	No	37	34	37	34
0071 614	1	Butler	Pub	1	156	No	134	108	85	69	85	69
0071 621	1	Butler	Pub	2	153	No	148	114	136	109	108	84	108	84
0071 622	1	Butler	Pub	2	144	No	137	110	115	88	115	88
0071 623	1	Butler	Pub	2	142	No	170	129	92	74	92	74
0071 624	1	Butler	Pub	2	159	No	87	79	131	106	86	70	86	70
0071 625	1	Butler	Pub	2	161	No	149	115	132	107
0091 103	1	Wilson	Pub	A	125	No	63	44	68	54	27	14	27	14
0091 104	1	Wilson	Pub	A	131	No	61	42	39	32
0091 105	1	Wilson	Pub	A	115	No	75	53	80	61	59	34	59	34
0091 121	6	Wilson	Prv	2	887	No	92	7	44	4	44	4
0091 122	1	Wilson	Pub	2	163	No	25	16	31	26	37	19	37	19
0091 125	1	Wilson	Pub	2	118	No
0091 126	1	Wilson	Pub	2	119	No	70	56
0091 131	6	Wilson	Prv	3	889	No	84	6	36	2	34	3	34	3
0091 201	1	Wilson	Pub	A	150	No	29	19	19	15	25	12	25	12
0091 202	1	Wilson	Pub	A	130	No	59	41	65	52
0091 203	1	Wilson	Pub	A	116	No	76	54	66	53
0091 204	1	Wilson	Pub	A	137	No	50	32	20	16	26	13	26	13
0091 205	1	Wilson	Pub	A	121	No	62	43	55	44	52	28	52	28
0091 206	1	Wilson	Pub	A	128	No	51	33	54	43
0091 214	1	Wilson	Pub	1	117	No
0091 215	1	Wilson	Pub	1	117	No	55	30	55	30
0091 216	1	Wilson	Pub	1	145	No	28	18	33	28	47	26	47	26
0091 226	1	Wilson	Pub	2	141	No	58	40	3	3
0091 236	1	Wilson	Pub	3	142	No	64	51
0092 112	1	Wilson	Pub	1	145	Yes	42	26	60	49	54	29	54	29
0092 113	1	Wilson	Pub	1	118	Yes	83	57	62	50
0092 114	1	Wilson	Pub	1	143	Yes	57	32	57	32
0092 121	8	Wilson	Prv	2	1155	Yes	81	1	94	1	77	1	77	1
0092 131	8	Wilson	Prv	3	1149	Yes
0092 132	4	Wilson	Pub	3	605	Yes	89	14	83	12	64	12	64	12
0092 211	7	Wilson	Prv	1	1146	Yes	49	1	63	1	61	1	61	1
0092 212	1	Wilson	Pub	1	144	Yes	48	31	59	48	1	1	1	1
0092 213	1	Wilson	Pub	1	142	Yes	82	56	58	47	56	31	56	31
0092 214	1	Wilson	Pub	1	156	Yes	45	29	44	36	41	22	41	22
0092 215	1	Wilson	Pub	1	164	Yes	38	23	22	18
0092 222	1	Wilson	Pub	2	151	Yes	57	39	57	46
0092 225	1	Wilson	Pub	2	163	Yes	39	24	56	45
0092 233	1	Wilson	Pub	3	134	Yes	68	47
0092 234	1	Wilson	Pub	3	149	Yes	67	46	45	37
0092 235	2	Wilson	Pub	3	250	Yes	66	6	61	1	15	1	15	1
0093 115	1	Wilson	Pub	1	163	No	15	9	16	13
0093 125	1	Wilson	Pub	1	119	No
0093 126	1	Wilson	Pub	1	145	No	43	27	17	14	32	17	32	17
0093 222	1	Wilson	Pub	2	141	No	44	28	50	40
0093 225	1	Wilson	Pub	2	114	No
0093 226	1	Wilson	Pub	2	119	No
0093 228	4	Wilson	Prv	2	620	No	68	15	68	15
0093 232	1	Wilson	Pub	2	158	No	16	10	32	27
0093 233	1	Wilson	Pub	2	117	No
0093 234	2	Wilson	Pub	2	229	No
0093 331	9	Wilson	Prv	3	1665	No	60	1	14	1	9	1	9	1
0093 335	1	Wilson	Pub	3	148	No	64	45	26	22
0093 337	1	Wilson	Pub	3	150	No	23	14	27	23
0093 338	1	Wilson	Pub	3	118	No	85	58	24	20
0093 339	1	Wilson	Pub	3	118	No	74	52	25	21
0093 340	1	Wilson	Pub	3	118	No	72	50	28	24
0093 341	1	Wilson	Pub	3	115	No	73	51	69	55
0093 342	1	Wilson	Pub	3	118	No	71	49	52	41
0093 343	1	Wilson	Pub	3	145	No	70	48	53	42
0094 116	1	Wilson	Pub	1	143	Yes	41	25	48	39
0094 121	10	Wilson	Prv	2	1794	Yes	17	1	46	1	48	1	48	1
0094 122	1	Wilson	Pub	2	142	Yes	56	38	34	29	45	25	45	25
0094 125	2	Wilson	Pub	2	225	Yes	65	5	65	5
0094 126	2	Wilson	Pub	2	221	Yes
0094 201	1	Wilson	Pub	0	147	Yes	53	35	42	34	51	27	51	27
0094 202	1	Wilson	Pub	0	152	Yes	55	37	40	33	22	11	22	11
0094 203	1	Wilson	Pub	0	107	Yes	54	36	71	57	71	40	71	40
0094 204	3	Wilson	Prv	0	619	Yes	87	1	90	1	14	1	14	1
0094 212	1	Wilson	Pub	1	164	Yes	24	15	37	31	11	6	11	6
0094 216	1	Wilson	Pub	1	118	Yes	47	38	58	33	58	33
0094 217	1	Wilson	Pub	1	155	Yes	43	35	38	20	38	20
0094 222	1	Wilson	Pub	2	113	Yes
0094 223	1	Wilson	Pub	2	119	Yes	63	37	63	37
0094 224	1	Wilson	Pub	2	116	Yes
0094 226	1	Wilson	Pub	2	161	Yes	34	21	11	10	29	15	29	15
0094 227	1	Wilson	Pub	2	160	Yes	35	22	35	30	30	16	30	16
0095 101	6	Wilson	Prv	1	1056	No	69	5	89	6	46	5	46	5
0095 111	1	Wilson	Pub	1	111	No	77	60
0095 112	1	Wilson	Pub	1	120	No	76	59	42	23	42	23
0095 113	1	Wilson	Pub	1	116	No	82	62	62	36	62	36
0095 114	1	Wilson	Pub	1	122	No	79	55	75	58	43	24	43	24
0095 115	1	Wilson	Pub	1	166	No	35	18	35	18
0095 116	1	Wilson	Pub	1	138	No	47	30	23	19	40	21	40	21
0095 117	1	Wilson	Pub	1	167	No	26	17	21	17	17	8	17	8
0095 130	1	Wilson	Pub	2	155	No	52	34	20	9	20	9
0095 131	1	Wilson	Pub	2	119	No	60	35	60	35
0095 132	1	Wilson	Pub	2	117	No	69	38	69	38
0095 133	1	Wilson	Pub	2	115	No	70	39	70	39
0148 107	2	Forbes	Sha	1	183	No	52	41	58	46	27	23	27	23
0148 108	2	Forbes	Sha	1	183	No	64	50	55	43	25	21	25	21
0148 109	2	Forbes	Sha	1	183	No	60	48	57	45
0148 110	2	Forbes	Sha	1	192	No	55	44	59	47	45	41	45	41
0148 111	2	Forbes	Prv	1	183	No	54	43	56	44	44	40	44	40
0148 151	2	Forbes	Prv	1	284	No	17	9	45	33	11	7	11	7
0148 152	2	Forbes	Prv	1	291	No	18	10	40	29	29	18	52	40	21	17	24	20	21	17	24	20
0148 153	2	Forbes	Prv	1	280	No	19	11	46	34	28	24	28	24
0148 154	2	Forbes	Prv	1	311	No	16	8	28	19	19	11	38	26	20	16	5	3	20	16	5	3
0148 155	2	Forbes	Prv	1	349	No	12	4	27	18	2	1	30	19	6	4	7	5	6	4	7	5
0148 156	4	Forbes	Prv	1	594	No	36	1	39	2	16	1	31	2
0148 206	2	Forbes	Prv	2	183	Yes	51	40	54	42	42	38	42	38
0148 207	2	Forbes	Sha	2	192	Yes	53	42	61	49	46	42	46	42
0148 208	2	Forbes	Sha	2	183	Yes	56	45	60	48	48	44	48	44
0148 209	2	Forbes	Sha	2	183	Yes	58	46	37	25
0148 210	2	Forbes	Sha	2	192	Yes	43	32	26	22	26	22
0148 211	2	Forbes	Prv	2	183	Yes	50	39	49	37
0148 213	2	Forbes	Prv	2	193	Yes	48	36
0148 215	2	Forbes	Prv	2	201	Yes	47	35
0148 217	2	Forbes	Prv	2	244	No	31	22	39	27	33	29	33	29
0148 218	2	Forbes	Prv	2	275	No	32	23	53	41
0148 219	2	Forbes	Prv	2	246	No	13	5	32	20	15	11	15	11
0148 220	2	Forbes	Sha	2	248	No	14	6	33	21	14	10	14	10
0148 221	2	Forbes	Sha	2	248	No	15	7	35	23	43	39	43	39
0148 224	1	Forbes	Sha	2	142	No	8	2
0148 234	2	Forbes	Prv	2	238	No	48	37	61	49	40	28	65	51	39	35	50	45	39	35	50	45
0148 235	2	Forbes	Prv	2	291	No	34	25	15	10	32	28	32	28
0148 237	2	Forbes	Prv	2	234	No	33	24	46	35	44	32	64	50	40	36	40	36
0148 239	2	Forbes	Prv	2	218	No	49	38	41	29	41	37	41	37
0148 251	2	Forbes	Prv	2	293	Yes	9	2	3	2	8	6	8	6
0148 252	2	Forbes	Prv	2	298	Yes	29	20	38	28	5	4	7	6	29	25	31	27	29	25	31	27
0148 253	2	Forbes	Prv	2	287	Yes	30	21	27	16	30	26	30	26
0148 254	2	Forbes	Prv	2	306	Yes	10	3	26	17	14	9	6	5	2	2	35	31	2	2	35	31
0148 255	2	Forbes	Prv	2	346	Yes	21	12	8	1	34	22	4	3	1	1	1	1
0148 261	2	Forbes	Prv	2	293	Yes	23	14	41	30	50	38	13	9	37	33	13	9	37	33
0148 262	2	Forbes	Prv	2	293	Yes	45	34	22	13	12	8	12	8
0148 263	2	Forbes	Prv	2	293	Yes	24	15	44	33	42	30	51	39	34	30	38	34	34	30	38	34
0148 264	2	Forbes	Prv	2	296	Yes	35	26	21	12	18	14	18	14
0148 266	2	Forbes	Prv	2	295	Yes	25	16	47	36	28	17	9	7	19	15	36	32	19	15	36	32
0148 267	2	Forbes	Prv	2	296	Yes	42	31	10	8	17	13	17	13
0148 301	1	Forbes	Sha	3	147	No	20	9	24	9	3	1	3	1
0148 302	1	Forbes	Sha	3	115	No	4	2	4	2
0148 303	3	Forbes	Sha	3	311	No	62	1	66	1	10	1	10	1
0148 304	1	Forbes	Sha	3	130	No	11	8	25	10	9	3	9	3
0148 306	1	Forbes	Sha	3	136	No	3	3	17	6
0148 307	1	Forbes	Sha	3	120	No	5	5	18	7
0148 308	1	Forbes	Prv	3	130	No	1	1	20	8
0148 317	1	Forbes	Sha	3	125	No
0148 319	1	Forbes	Sha	3	125	No	4	4	12	4
0148 321	2	Forbes	Prv	3	248	No	22	13	36	24	23	19	23	19
0148 322	1	Forbes	Sha	3	131	No	6	6	13	5
0148 323	1	Forbes	Sha	3	127	No	63	11	7	7	11	3	62	11	51	5	51	5
0148 324	2	Forbes	Prv	3	294	No	37	27	23	14	22	18	22	18
0148 327	1	Forbes	Sha	3	145	No	2	2	57	10	1	1	63	12	49	4	49	4
0148 331	2	Forbes	Sha	3	286	No	59	47	26	15	43	31	16	12	47	43	16	12	47	43
0153 011	4	Spelman	Prv	1	930	No	49	49	11	11	34	34	34	34
0153 012	4	Spelman	Prv	1	930	No	7	7	14	14	45	45	45	45
0153 013	4	Spelman	Prv	2	930	No	34	34	44	44	51	51	51	51
0153 014	4	Spelman	Prv	2	930	No	6	6	37	37	47	47	47	47
0153 015	4	Spelman	Prv	3	930	No	41	41	17	17	50	50	50	50
0153 016	4	Spelman	Prv	3	930	No	36	36	43	43	30	30	30	30
0153 017	4	Spelman	Prv	4	930	No	43	43	15	15	38	38	38	38
0153 018	4	Spelman	Prv	4	930	No	48	48	50	50	39	39	39	39
0153 021	4	Spelman	Prv	1	930	No	17	17	7	7	12	12	12	12
0153 022	4	Spelman	Prv	1	930	No	10	10	8	8	2	2	2	2
0153 023	4	Spelman	Prv	2	930	No	5	5	2	2	16	16	16	16
0153 024	4	Spelman	Prv	2	930	No	9	9	1	1	6	6	6	6
0153 025	4	Spelman	Prv	3	930	No	28	28	40	40	1	1	1	1
0153 026	4	Spelman	Prv	3	930	No	26	26	19	19	44	44	44	44
0153 032	4	Spelman	Prv	1	930	No	37	37	36	36	3	3	3	3
0153 034	4	Spelman	Prv	2	930	No	4	4	20	20	26	26	26	26
0153 035	4	Spelman	Prv	3	930	No	21	21	21	21	32	32	32	32
0153 036	4	Spelman	Prv	3	930	No	20	20	31	31	29	29	29	29
0153 037	4	Spelman	Prv	4	930	No	24	24	33	33	24	24	24	24
0153 038	4	Spelman	Prv	4	930	No	23	23	34	34	25	25	25	25
0153 041	4	Spelman	Prv	1	930	No	28	28	20	20	20	20
0153 045	4	Spelman	Prv	3	930	No	16	16	12	12	21	21	21	21
0153 046	4	Spelman	Prv	3	930	No	11	11	13	13	41	41	41	41
0153 047	4	Spelman	Prv	4	930	No	40	40	46	46	4	4	4	4
0153 048	4	Spelman	Prv	4	930	No	32	32	30	30	5	5	5	5
0153 051	4	Spelman	Prv	1	930	No	31	31	47	47	43	43	43	43
0153 052	4	Spelman	Prv	1	930	No	30	30	6	6	42	42	42	42
0153 053	4	Spelman	Prv	2	930	No	12	12	29	29	31	31	31	31
0153 054	4	Spelman	Prv	2	930	No	8	8	4	4	17	17	17	17
0153 055	4	Spelman	Prv	3	930	No	33	33	10	10	13	13	13	13
0153 056	4	Spelman	Prv	3	930	No	1	1	9	9	10	10	10	10
0153 061	4	Spelman	Prv	1	930	No	45	45	39	39	49	49	49	49
0153 063	4	Spelman	Prv	2	930	No	13	13	22	22	46	46	46	46
0153 064	4	Spelman	Prv	2	930	No	14	14	27	27	11	11	11	11
0153 065	4	Spelman	Prv	3	930	No	18	18	24	24	27	27	27	27
0153 066	4	Spelman	Prv	3	930	No	22	22	25	25	9	9	9	9
0153 067	4	Spelman	Prv	4	930	No	29	29	49	49	19	19	19	19
0153 068	4	Spelman	Prv	4	930	No	42	42	16	16	18	18	18	18
0153 071	4	Spelman	Prv	A	930	No	38	38	51	51	33	33	33	33
0153 073	4	Spelman	Prv	2	930	No	39	39	26	26	8	8	8	8
0153 074	4	Spelman	Prv	2	930	No	47	47	38	38	15	15	15	15
0153 075	4	Spelman	Prv	3	930	No	2	2	35	35	14	14	14	14
0153 076	4	Spelman	Prv	3	930	No	3	3	5	5	7	7	7	7
0153 077	4	Spelman	Prv	4	930	No	50	50	32	32	36	36	36	36
0153 078	4	Spelman	Prv	4	930	No	44	44	23	23	35	35	35	35
0153 081	4	Spelman	Prv	A	930	No	35	35	45	45	48	48	48	48
0153 082	4	Spelman	Prv	A	930	No	19	19	18	18	37	37	37	37
0153 083	4	Spelman	Prv	2	930	No	15	15	48	48	22	22	22	22
0153 084	4	Spelman	Prv	2	930	No	25	25	3	3	23	23	23	23
0153 085	4	Spelman	Prv	3	930	No	27	27	42	42	28	28	28	28
0153 086	4	Spelman	Prv	3	930	No	46	46	41	41	40	40	40	40
0162 301	4	Wilson	Prv	3	617	No	33	5	84	13	12	4	12	4
0162 302	4	Wilson	Prv	3	606	No	10	3	10	3
0162 401	6	Wilson	Prv	4	881	No	30	3	51	4	49	6	49	6
0162 402	6	Wilson	Prv	4	881	No	32	4	85	5	53	7	53	7
0164 111	4	Wilson	Prv	1	613	No	77	9	79	11	18	6	18	6
0164 112	4	Wilson	Prv	1	614	No	46	8	41	4	39	11	39	11
0164 121	4	Wilson	Prv	2	605	No	86	12	78	10	7	2	7	2
0164 122	4	Wilson	Prv	2	630	No	1	1	18	2	5	1	5	1
0164 131	6	Wilson	Prv	3	865	No	22	2	15	1	33	2	33	2
0164 132	6	Wilson	Prv	3	844	No	13	1	38	3	2	1	2	1
0164 133	2	Wilson	Pub	3	200	No	50	4	50	4
0164 135	4	Wilson	Pub	3	508	No	80	11	73	8	67	14	67	14
0164 201	4	Wilson	Prv	A	703	No	36	6	49	5	28	8	28	8
0164 202	4	Wilson	Prv	A	627	No	40	7	67	6	31	9	31	9
0164 212	4	Wilson	Prv	1	606	No	78	10	72	7	36	10	36	10
0164 231	4	Wilson	Pub	3	513	No	66	13	66	13
0164 232	4	Wilson	Prv	3	603	No	9	3	74	9	16	5	16	5
0592 125	3	Forbes	Prv	1	372	No
0592 126	1	Forbes	Prv	1	172	No
0592 131	2	Forbes	Sha	1	208	No
0592 132	2	Forbes	Sha	1	185	No
0592 133	1	Forbes	Sha	1	115	No
0592 134	1	Forbes	Sha	1	108	No
0592 135	1	Forbes	Sha	1	115	No
0592 136	1	Forbes	Sha	1	105	No
0592 137	2	Forbes	Sha	1	185	No
0592 138	2	Forbes	Sha	1	186	No
0592 142	1	Forbes	Pub	1	168	No
0592 145	1	Forbes	Pub	1	144	No
0592 147	1	Forbes	Pub	1	172	No
0592 148	1	Forbes	Pub	1	167	No
0592 149	1	Forbes	Pub	1	158	No
0592 150	1	Forbes	Pub	1	166	No
0592 152	1	Forbes	Pub	1	167	No
0592 154	1	Forbes	Pub	1	170	No
0592 155	1	Forbes	Pub	1	178	No
0592 156	1	Forbes	Pub	1	171	No
0592 174	1	Forbes	Sha	1	107	No
0592 178	3	Forbes	Prv	1	363	No
0592 227	2	Forbes	Pub	2	291	No
0592 228	2	Forbes	Pub	2	185	No
0592 231	2	Forbes	Pub	2	282	No
0592 232	2	Forbes	Pub	2	185	No
0592 234	2	Forbes	Pub	2	180	No
0592 236	2	Forbes	Pub	2	180	No
0592 238	2	Forbes	Pub	2	185	No
0592 242	1	Forbes	Pub	2	167	No
0592 244	1	Forbes	Pub	2	168	No
0592 245	1	Forbes	Pub	2	166	No
0592 246	1	Forbes	Pub	2	168	No
0592 247	1	Forbes	Pub	2	170	No
0592 248	1	Forbes	Pub	2	170	No
0592 249	1	Forbes	Pub	2	161	No
0592 250	1	Forbes	Pub	2	168	No
0592 252	1	Forbes	Pub	2	167	No
0592 254	1	Forbes	Pub	2	167	No
0592 255	1	Forbes	Pub	2	179	Yes
0592 256	1	Forbes	Pub	2	169	Yes
0592 257	1	Forbes	Pub	2	172	Yes
0592 258	1	Forbes	Pub	2	180	Yes
0592 259	1	Forbes	Pub	2	172	Yes
0592 260	1	Forbes	Pub	2	162	Yes
0592 261	1	Forbes	Pub	2	167	Yes
0592 263	1	Forbes	Pub	2	166	Yes
0592 265	2	Forbes	Pub	2	343	Yes
0592 266	1	Forbes	Pub	2	160	Yes
0592 268	1	Forbes	Pub	2	175	Yes
0592 270	1	Forbes	Pub	2	173	Yes
0592 323	3	Forbes	Pub	3	392	No
0592 327	2	Forbes	Pub	3	288	No
0592 328	2	Forbes	Pub	3	185	No
0592 331	2	Forbes	Pub	3	279	No
0592 332	2	Forbes	Pub	3	184	No
0592 334	2	Forbes	Pub	3	180	No
0592 336	2	Forbes	Pub	3	180	No
0592 337	3	Forbes	Pub	3	291	No
0592 338	2	Forbes	Pub	3	184	No
0592 374	2	Forbes	Pub	3	180	No
0592 376	2	Forbes	Pub	3	180	No
0592 377	2	Forbes	Pub	3	279	No
0592 378	2	Forbes	Pub	3	184	No
0592 426	2	Forbes	Pub	4	180	No
0592 427	2	Forbes	Pub	4	284	No
0592 428	2	Forbes	Pub	4	181	No
0592 431	2	Forbes	Pub	4	270	No
0592 432	2	Forbes	Pub	4	181	No
0592 434	2	Forbes	Pub	4	180	No
0592 436	2	Forbes	Pub	4	180	No
0592 438	2	Forbes	Pub	4	181	No
0603 101	2	Upperclass	Prv	1	288	No	457	56	562	91	373	62	373	62
0603 102	4	Upperclass	Prv	1	755	No	172	12	241	15	46	7	46	7
0603 104	1	Upperclass	Sha	1	148	No	465	328	546	364	315	196	315	196
0603 106	1	Upperclass	Sha	1	147	No	479	336	547	365	379	232	379	232
0603 107	4	Upperclass	Prv	1	510	No	575	42	681	60	460	44	460	44
0603 108	1	Upperclass	Sha	1	148	No	421	307	52	32	381	233	381	233
0603 110	1	Upperclass	Sha	1	147	No	422	308	574	380	382	234	382	234
0603 117	2	Upperclass	Prv	1	337	No	411	63	76	16	76	16
0603 121	1	Upperclass	Sha	1	190	No	61	40	249	167	117	64	117	64
0603 122	2	Upperclass	Prv	1	305	No	70	15	374	61	63	14	63	14
0603 123	1	Upperclass	Sha	1	166	No	63	42	297	201	212	128	212	128
0603 124	1	Upperclass	Sha	1	147	No	218	155	484	331	321	202	321	202
0603 125	1	Upperclass	Sha	1	166	No	64	43	237	158	119	66	119	66
0603 126	1	Upperclass	Sha	1	148	No	217	154	551	368	322	203	322	203
0603 127	1	Upperclass	Sha	1	166	No	65	44	238	159	121	68	121	68
0603 128	1	Upperclass	Sha	1	147	No	464	327	394	276	177	107	177	107
0603 130	1	Upperclass	Sha	1	148	No	463	326	395	277	178	108	178	108
0603 131	1	Upperclass	Sha	1	196	No	60	39	91	59	79	43	79	43
0603 133	1	Upperclass	Sha	1	196	No	62	41	104	68	21	15	21	15
0603 136	1	Upperclass	Sha	1	147	No	454	320	386	270
0603 138	1	Upperclass	Sha	1	148	No	453	319	385	269	165	99	165	99
0603 140	4	Upperclass	Prv	1	755	No	323	15	155	10	169	13	169	13
0603 142	1	Upperclass	Sha	1	140	No	534	359	383	267	362	220	362	220
0603 144	1	Upperclass	Sha	1	154	No	317	234	384	268	78	42	78	42
0603 147	2	Upperclass	Prv	1	280	No	481	62	629	104	471	80	471	80
0603 148	1	Upperclass	Sha	1	166	No	291	214	16	9	309	193	309	193
0603 149	2	Upperclass	Prv	1	280	No	564	88	485	76	453	75	453	75
0603 150	1	Upperclass	Sha	1	166	No	290	213	15	8	271	169	271	169
0603 153	2	Upperclass	Prv	1	280	No	549	85	613	97	301	51	301	51
0603 156	1	Upperclass	Sha	1	166	No	298	221	444	301	352	214	352	214
0603 158	1	Upperclass	Sha	1	166	No	299	222	282	188	91	50	91	50
0603 160	1	Independent	Sha	1	147	No	31	25	14	10	14	10
0603 162	1	Independent	Sha	1	140	No	41	33	15	11	15	11
0603 164	2	Independent	Prv	1	278	No	114	23	99	18	39	8	39	8
0603 168	2	Independent	Prv	1	278	No	19	4	26	3	25	5	25	5
0603 170	2	Independent	Prv	1	278	No	57	9	8	1	52	12	52	12
0603 171	1	Independent	Sha	1	166	No	92	70	1	1	1	1
0603 172	2	Independent	Prv	1	278	No	50	7	29	4	27	7	27	7
0603 173	1	Independent	Sha	1	166	No	105	77	13	9	13	9
0603 174	2	Independent	Prv	1	278	No	39	5	18	2	43	10	43	10
0603 201	2	Upperclass	Prv	2	288	No	577	89	483	75
0603 202	4	Upperclass	Prv	2	755	No	224	13	240	14	251	19	251	19
0603 207	4	Upperclass	Prv	2	510	No	554	39	711	68	469	45	469	45
0603 213	1	Upperclass	Sha	2	166	No	251	183	45	26	188	114	188	114
0603 215	1	Upperclass	Sha	2	166	No	256	187	44	25	187	113	187	113
0603 217	2	Upperclass	Prv	2	337	No	455	73	116	27	116	27
0603 221	1	Upperclass	Sha	2	190	No	79	50	107	69	99	54	99	54
0603 222	2	Upperclass	Prv	2	305	No	171	30	159	35	358	59	358	59
0603 223	1	Upperclass	Sha	2	166	No	423	309	258	172	100	55	100	55
0603 224	1	Upperclass	Sha	2	147	No	311	231	575	381	368	223	368	223
0603 226	1	Upperclass	Sha	2	148	No	313	232	511	346	369	224	369	224
0603 231	1	Upperclass	Sha	2	196	No	39	24	51	31	120	67	120	67
0603 232	1	Upperclass	Sha	2	147	No	503	345	43	24	279	174	279	174
0603 233	1	Upperclass	Sha	2	196	No	40	25	49	29	60	33	60	33
0603 234	1	Upperclass	Sha	2	148	No	167	113	47	27	280	175	280	175
0603 236	1	Upperclass	Sha	2	147	No	168	114	548	366	278	173	278	173
0603 238	1	Upperclass	Sha	2	148	No	169	115	117	75	281	176	281	176
0603 240	4	Upperclass	Prv	2	755	No	312	14	118	9	260	21	260	21
0603 242	1	Upperclass	Sha	2	140	No	308	228	564	375	392	238	392	238
0603 244	1	Upperclass	Sha	2	154	No	42	23
0603 247	2	Upperclass	Prv	2	280	No	470	58	170	36	336	57	336	57
0603 248	1	Upperclass	Sha	2	166	No	242	174
0603 249	2	Upperclass	Prv	2	280	No	471	59	391	62
0603 250	1	Upperclass	Sha	2	166	No	241	173
0603 252	1	Upperclass	Sha	2	166	No	285	209	164	105
0603 253	2	Upperclass	Prv	2	280	No	433	54	304	55	252	45	252	45
0603 254	1	Upperclass	Sha	2	166	No	286	210	163	104	354	215	354	215
0603 260	1	Independent	Sha	2	151	No	14	13	19	17	17	13	17	13
0603 262	1	Independent	Sha	2	161	No	13	12	20	18	16	12	16	12
0603 264	2	Independent	Prv	2	278	No	107	20	96	15	48	11	48	11
0603 265	1	Independent	Sha	2	166	No	33	27	1	1	18	14	18	14
0603 266	2	Independent	Prv	2	278	No	106	19	97	16	53	13	53	13
0603 267	1	Independent	Sha	2	166	No	15	14	3	3	19	15	19	15
0603 268	2	Upperclass	Prv	2	278	No	440	55	354	60	332	54	332	54
0603 270	2	Upperclass	Prv	2	278	No	380	44	413	64	238	42	238	42
0603 271	1	Independent	Sha	2	166	No	45	36	39	33	33	25	33	25
0603 272	2	Independent	Prv	2	278	No	112	22	101	19	12	3	12	3
0603 273	1	Independent	Sha	2	166	No	98	74	13	12	2	2	2	2
0603 274	2	Independent	Prv	2	278	No	111	21	109	22	26	6	26	6
0603 301	2	Upperclass	Prv	3	288	No	532	81	532	85	410	65	410	65
0603 302	4	Upperclass	Prv	3	755	No	417	20	46	6	250	18	250	18
0603 307	4	Upperclass	Prv	3	510	No	664	73	741	84	395	38	395	38
0603 308	1	Upperclass	Sha	3	148	No	500	342	124	79	365	222	365	222
0603 322	2	Upperclass	Prv	3	297	No	428	52	558	90	364	60	364	60
0603 324	1	Upperclass	Sha	3	147	No	501	343	390	274	409	247	409	247
0603 326	1	Upperclass	Sha	3	148	No	502	344	387	271	305	191	305	191
0603 328	1	Upperclass	Sha	3	147	No	158	108	389	273	129	76	129	76
0603 330	1	Upperclass	Sha	3	148	No	157	107	388	272	65	36	65	36
0603 331	1	Upperclass	Sha	3	196	No	57	36	89	57	55	30	55	30
0603 333	1	Upperclass	Sha	3	196	No	56	35	88	56	118	65	118	65
0603 335	1	Upperclass	Sha	3	160	No	450	318	503	341
0603 336	1	Upperclass	Sha	3	147	No	377	261
0603 338	1	Upperclass	Sha	3	148	No	376	260
0603 340	4	Upperclass	Prv	3	755	No	400	18	213	13	176	14	176	14
0603 345	1	Upperclass	Sha	3	181	No	292	215	231	153
0603 348	1	Upperclass	Sha	3	166	No	402	296	167	108	287	180	287	180
0603 350	1	Upperclass	Sha	3	166	No	187	129	165	106	286	179	286	179
0603 352	1	Upperclass	Sha	3	166	No	188	130	168	109
0603 353	2	Upperclass	Prv	3	280	No	504	72	425	67	459	79	459	79
0603 354	1	Upperclass	Sha	3	166	No	189	131	166	107	273	170	273	170
0603 355	1	Upperclass	Sha	3	181	No	58	37	136	88	162	96	162	96
0603 360	1	Upperclass	Sha	3	151	No	185	127	418	292	320	201	320	201
0603 361	1	Upperclass	Sha	3	160	No	59	38	488	333	391	237	391	237
0603 362	1	Upperclass	Sha	3	161	No	186	128	353	243	304	190	304	190
0603 364	2	Upperclass	Prv	3	278	No	522	79	609	95	303	52	303	52
0603 366	2	Upperclass	Prv	3	278	No	498	70	626	103	455	76	455	76
0603 367	4	Independent	Prv	3	783	No	61	4	44	3	11	1	11	1
0603 368	2	Upperclass	Prv	3	278	No	497	69	617	98	457	77	457	77
0603 370	2	Upperclass	Prv	3	278	No	499	71	618	99	367	61	367	61
0603 371	1	Upperclass	Sha	3	166	No	293	216	294	198
0603 372	2	Upperclass	Prv	3	278	No	496	68	625	102	436	71	436	71
0603 373	1	Upperclass	Sha	3	166	No	478	335	295	199
0603 374	2	Upperclass	Prv	3	278	No	544	84	539	86	426	68	426	68
0603 401	1	Upperclass	Pub	4	134	No	490	339	627	406
0603 402	1	Upperclass	Pub	4	134	No	517	349	599	395
0603 403	1	Upperclass	Pub	4	134	No	584	386	419	249	419	249
0603 404	1	Upperclass	Pub	4	134	No	562	368	585	387	434	259	434	259
0603 405	1	Upperclass	Pub	4	134	No	560	366	616	402	472	276	472	276
0603 406	1	Upperclass	Pub	4	134	No	559	365	577	383	432	257	432	257
0603 407	1	Upperclass	Pub	4	134	No	614	401	468	274	468	274
0603 409	1	Upperclass	Pub	4	134	No	563	369	624	405
0603 410	1	Upperclass	Pub	4	134	No	530	357	244	162	433	258	433	258
0603 411	1	Upperclass	Pub	4	134	No	561	367
0603 412	1	Upperclass	Pub	4	134	No	528	355	245	163
0603 413	1	Upperclass	Pub	4	134	No	545	362	611	400	429	255	429	255
0603 414	1	Upperclass	Pub	4	134	No	529	356	60	37
0603 415	1	Upperclass	Pub	4	134	No	542	361	63	40	430	256	430	256
0603 416	1	Upperclass	Pub	4	134	No	505	346	576	382	403	243	403	243
0603 417	1	Upperclass	Pub	4	134	No	541	360	589	388	402	242	402	242
0603 418	1	Upperclass	Pub	4	134	No	483	337	243	161	404	244	404	244
0603 422	1	Upperclass	Pub	4	134	No	555	364	572	378	405	245	405	245
0603 432	1	Upperclass	Pub	4	134	No	251	168	399	241	399	241
0603 433	1	Upperclass	Pub	4	134	No	512	347
0603 435	1	Upperclass	Pub	4	134	No	549	367	465	272	465	272
0603 436	1	Upperclass	Pub	4	134	No	183	126	169	110	102	57	102	57
0603 437	1	Upperclass	Pub	4	134	No	407	300	592	390	461	268	461	268
0603 439	1	Upperclass	Pub	4	134	No	405	298	597	393	466	273	466	273
0603 441	1	Upperclass	Pub	4	134	No	410	303	596	392
0603 442	1	Upperclass	Pub	4	134	No	408	301	538	359
0603 443	1	Upperclass	Pub	4	134	No	469	332	598	394
0603 444	1	Upperclass	Pub	4	134	No	297	220	573	379	451	267	451	267
0603 447	1	Upperclass	Pub	4	134	No	571	373	628	407	470	275	470	275
0603 448	1	Upperclass	Pub	4	134	No	173	117	553	369	74	41	74	41
0619 010	3	Upperclass	Pub	2	448	No	382	33	271	21	442	59	442	59
0619 011	3	Upperclass	Pub	2	448	No	38	3	533	49	283	29	283	29
0619 020	3	Upperclass	Pub	2	435	No	287	22	568	54	521	75	521	75
0619 021	2	Upperclass	Pub	2	238	No	590	93	523	82	476	81	476	81
0619 031	3	Upperclass	Pub	1	425	No	166	11	481	43	431	58	431	58
0619 032	3	Upperclass	Pub	2	459	No	488	49	264	20	326	33	326	33
0619 301	4	Upperclass	Pub	3	632	No	99	7	110	8	90	11	90	11
0619 302	1	Upperclass	Pub	3	185	No	82	52	225	149	88	48	88	48
0619 303	1	Upperclass	Pub	3	196	No	81	51	111	71	3	1	3	1
0619 304	2	Upperclass	Pub	3	319	No	425	51	443	72	245	44	245	44
0619 305	1	Upperclass	Pub	3	149	No	98	64	243	152	243	152
0619 306	2	Upperclass	Pub	3	423	No	462	57	3	1	2	1	2	1
0619 401	2	Upperclass	Pub	4	433	No	154	27	207	40	130	28	130	28
0619 402	1	Upperclass	Pub	4	193	No	153	105	114	74	150	86	150	86
0619 403	1	Upperclass	Pub	4	174	No	170	116	324	220	163	97	163	97
0619 404	1	Upperclass	Pub	4	216	No	86	55	113	73	89	49	89	49
0619 406	1	Upperclass	Pub	4	179	No	156	106	112	72	170	101	170	101
0619 407	3	Upperclass	Pub	4	429	No	155	10	569	55	520	74	520	74
0627 112	3	Butler	Prv	1	495	No	1	1	36	2	36	2
0627 121	4	Butler	Prv	1	758	No	45	4	52	2	67	7	67	7
0627 124	1	Butler	Prv	1	170	No	37	35	13	12	11	11	11	11
0627 132	4	Butler	Prv	1	632	No	112	14	101	11	82	12	82	12
0627 140	4	Butler	Prv	1	680	No	95	9	102	12	78	10	78	10
0627 175	2	Butler	Prv	1	244	No	79	1
0627 177	4	Butler	Prv	1	708	No	81	7	54	3	60	3	60	3
0627 181	4	Butler	Prv	1	702	No	48	6	91	7	69	8	69	8
0627 182	4	Butler	Prv	1	585	No	119	19	104	13	84	14	84	14
0627 191	4	Butler	Prv	1	669	No	108	12	96	8	79	11	79	11
0627 192	1	Butler	Prv	1	165	No	18	18	19	18	15	15	15	15
0627 193	4	Butler	Prv	1	710	No	34	2	34	1	61	4	61	4
0627 225	1	Butler	Pub	2	132	No
0627 226	1	Butler	Pub	2	145	No	78	72	58	54
0627 227	1	Butler	Pub	2	132	No	96	86
0627 229	1	Butler	Pub	2	131	No
0627 259	1	Butler	Sha	2	143	Yes	99	89
0627 269	1	Butler	Pub	2	156	Yes	41	38	31	30
0627 270	1	Butler	Pub	2	134	Yes	109	95	8	7
0627 271	1	Butler	Pub	2	133	Yes	46	44
0627 273	1	Butler	Sha	2	148	Yes
0627 274	1	Butler	Pub	2	132	Yes	115	97	55	51
0627 275	1	Butler	Sha	2	155	Yes
0627 276	1	Butler	Pub	2	134	Yes	42	39	69	64
0627 277	1	Butler	Sha	2	154	Yes	57	51	12	11
0627 278	1	Butler	Pub	2	136	Yes	110	96	65	60
0627 279	1	Butler	Sha	2	139	Yes	58	52	14	13
0627 281	4	Butler	Prv	2	710	Yes	40	3	62	4	31	1	31	1
0627 301	1	Butler	Sha	3	148	No	49	43	53	50	41	38	41	38
0627 302	1	Butler	Sha	3	145	No	66	61	38	35	38	35
0627 303	1	Butler	Sha	3	132	No	103	91	77	70
0627 304	1	Butler	Sha	3	139	No	71	65	68	59	68	59
0627 305	1	Butler	Sha	3	143	No	67	61	18	17
0627 306	1	Butler	Sha	3	139	No	69	63
0627 307	1	Butler	Sha	3	142	No	68	62	17	16	54	50	54	50
0627 308	1	Butler	Sha	3	140	No	70	64	35	33	35	33
0627 309	1	Butler	Sha	3	144	No	44	42	3	3	3	3
0627 310	1	Butler	Pub	3	152	No	60	54	48	46	42	39	42	39
0627 311	1	Butler	Sha	3	147	No	35	33	4	4	4	4
0627 314	1	Butler	Pub	3	156	No	47	42	45	43	26	26	26	26
0627 316	1	Butler	Pub	3	140	No	77	71	86	79	59	55	59	55
0627 318	1	Butler	Pub	3	135	No	106	93	113	94	74	63	74	63
0627 320	1	Butler	Pub	3	133	No	107	94	117	98	75	64	75	64
0627 322	1	Butler	Pub	3	133	No	98	88	120	100	43	40	43	40
0627 323	1	Butler	Pub	3	133	No	118	98	114	95	63	57	63	57
0627 324	1	Butler	Pub	3	136	No	94	85	116	97	25	25	25	25
0627 325	1	Butler	Pub	3	132	No	82	74	119	99	50	47	50	47
0627 326	1	Butler	Pub	3	150	No	75	69	79	72	51	48	51	48
0627 327	1	Butler	Pub	3	132	No	83	75	92	84	10	10	10	10
0627 329	1	Butler	Pub	3	133	No	97	87	103	90	77	66	77	66
0627 334	1	Butler	Pub	3	166	No	29	29	24	23
0627 336	1	Butler	Pub	3	146	No	84	76	87	80
0627 340	1	Butler	Pub	3	148	No	62	56	78	71	47	44	47	44
0627 341	1	Butler	Pub	3	139	No	89	81	88	81	48	45	48	45
0627 342	1	Butler	Pub	3	145	No	85	77	68	63
0627 343	1	Butler	Pub	3	139	No	83	76
0627 344	1	Butler	Pub	3	145	No	86	78	84	77	49	46	49	46
0627 345	1	Butler	Pub	3	139	No	99	89
0627 346	1	Butler	Pub	3	148	No	50	44	57	53	52	49	52	49
0627 348	1	Butler	Pub	3	154	No	36	34	47	45	33	31	33	31
0627 349	1	Butler	Pub	3	169	No	7	7	43	41	18	18	18	18
0627 350	1	Butler	Pub	3	146	No	88	80	82	75
0627 357	1	Butler	Pub	3	156	No	5	5	51	49
0627 359	1	Butler	Sha	3	143	No	30	30
0627 361	1	Butler	Prv	3	141	No	71	65
0627 367	1	Butler	Pub	3	135	No
0627 369	1	Butler	Pub	3	154	No	11	11	40	38
0627 371	1	Butler	Pub	3	136	No	31	31	93	85
0627 373	3	Butler	Pub	3	531	No	104	1	133	2
0627 374	1	Butler	Pub	3	132	No	105	92	115	96
0627 376	1	Butler	Pub	3	135	No	102	90	107	92
0627 378	1	Butler	Pub	3	136	No	121	99	105	91
0627 379	1	Butler	Prv	3	142	No	32	32	25	24	17	17	17	17
0627 381	4	Butler	Prv	3	710	No	33	1	70	5	53	2	53	2
0627 401	1	Butler	Pub	4	162	No	3	3	27	26
0627 402	1	Butler	Pub	4	153	No	44	41	76	69
0627 403	1	Butler	Pub	4	149	No	46	43	46	43
0627 408	1	Butler	Pub	4	145	No	73	67	81	74	58	54	58	54
0627 409	1	Butler	Pub	4	151	No	56	50	26	25	12	12	12	12
0627 410	1	Butler	Pub	4	134	No	125	102	122	102
0627 411	1	Butler	Pub	4	154	No	53	47	50	48
0627 425	1	Butler	Pub	4	137	No	90	82	4	3
0627 427	1	Butler	Pub	4	137	No	91	83	90	83	57	53	57	53
0627 429	1	Butler	Pub	4	134	No	123	100	41	39	62	56	62	56
0627 430	1	Butler	Pub	4	187	No	35	33	15	14	8	8	8	8
0627 436	1	Butler	Pub	4	153	No	61	55	85	78
0627 439	1	Butler	Pub	4	134	No	124	101	94	86
0627 441	1	Butler	Pub	4	138	No	93	84	95	87
0627 445	1	Butler	Pub	4	139	No	76	70	89	82	23	23	23	23
0627 447	1	Butler	Pub	4	173	No	8	8	42	40	16	16	16	16
0627 449	1	Butler	Pub	4	147	No	24	24	32	31	21	21	21	21
0627 451	1	Butler	Pub	4	175	No	9	9	22	21	13	13	13	13
0627 454	1	Butler	Pub	4	129	No	130	105	123	103	93	75	93	75
0627 456	1	Butler	Pub	4	153	No	17	17	49	47
0627 457	1	Butler	Pub	4	149	No	65	59	59	55	56	52	56	52
0627 458	1	Butler	Pub	4	134	No	126	103	121	101	81	68	81	68
0627 459	1	Butler	Pub	4	146	No	6	6	73	67	14	14	14	14
0627 461	1	Butler	Pub	4	147	No	10	10	60	56	6	6	6	6
0627 463	1	Butler	Pub	4	147	No	59	53	23	22	7	7	7	7
0627 467	1	Butler	Pub	4	134	No	64	58	111	93	64	58	64	58
0627 469	1	Butler	Pub	4	142	No	63	57	67	62	19	19	19	19
0627 473	3	Butler	Pub	4	482	No	156	2	135	3	29	1	29	1
0627 474	1	Butler	Pub	4	205	No	1	1	9	8	1	1	1	1
0627 476	1	Butler	Pub	4	113	No	129	104	124	104
0627 478	1	Butler	Pub	4	113	No	134	108	125	105
0627 479	1	Butler	Pub	4	166	No	15	15	30	29	22	22	22	22
0627 481	4	Butler	Prv	4	638	No	100	10	97	9	65	5	65	5
0631 016	2	Rockefeller	Pub	2	265	Yes	82	7	46	7	73	11	73	11
0631 017	4	Rockefeller	Pub	1	545	Yes	53	18	84	21	62	18	62	18
0631 018	1	Rockefeller	Pub	2	108	Yes	78	44	55	30
0631 024	4	Rockefeller	Pub	2	553	Yes	26	8	8	3	25	8	25	8
0631 032	5	Rockefeller	Pub	2	728	Yes	68	1	32	1	67	1	67	1
0631 033	4	Rockefeller	Pub	1	583	Yes	49	15	78	18	29	9	29	9
0631 034	1	Rockefeller	Pub	2	131	Yes	27	16	6	4
0631 B13	1	Rockefeller	Pub	A	154	Yes	55	32	5	3	6	6	6	6
0631 B21	1	Rockefeller	Pub	A	124	Yes	56	33	57	31	35	20	35	20
0631 B22	1	Rockefeller	Pub	A	128	Yes	79	45	35	19
0631 B23	1	Rockefeller	Pub	A	125	Yes	80	46	75	44
0631 B31	2	Rockefeller	Pub	A	210	Yes	80	14
0631 T02	4	Rockefeller	Pub	2	563	Yes
0636 105	4	Whitman	Pub	1	496	No	133	19	110	16	92	19	92	19
0636 106	1	Whitman	Pub	1	144	No	80	67
0636 107	4	Whitman	Pub	1	529	No	125	14	95	14	76	16	76	16
0636 108	1	Whitman	Pub	1	148	No	70	62	25	25	58	43	58	43
0636 109	1	Whitman	Pub	1	117	No	103	91	146	119	91	68	91	68
0636 110	1	Whitman	Pub	1	148	No	71	63	66	55
0636 112	4	Whitman	Pub	1	460	No	134	20	137	23	127	31	127	31
0636 114	4	Whitman	Pub	1	593	No	104	12	94	13	42	12	42	12
0636 201	1	Whitman	Pub	2	125	No	75	66	117	99	88	66	88	66
0636 203	1	Whitman	Pub	2	118	No	119	101	105	77	105	77
0636 206	1	Whitman	Pub	2	144	No	76	67
0636 209	1	Whitman	Pub	2	118	No	118	100
0636 301	1	Whitman	Pub	3	131	No	105	88
0636 302	1	Whitman	Pub	3	146	No	82	72	79	66	65	49	65	49
0636 303	1	Whitman	Pub	3	117	No	119	106	81	68	116	83	116	83
0636 304	1	Whitman	Pub	3	176	No	36	35	31	29
0636 305	4	Whitman	Pub	3	495	No	131	20	101	22	101	22
0636 306	1	Whitman	Pub	3	169	No	35	34	42	36
0636 307	4	Whitman	Pub	3	500	No	147	33	130	19	93	20	93	20
0636 308	1	Whitman	Pub	3	146	No	64	48	64	48
0636 311	1	Whitman	Pub	3	117	No	83	73	120	102	14	9	14	9
0636 312	1	Whitman	Pub	3	152	No	56	51
0636 314	4	Whitman	Pub	3	965	No	58	5	39	4	11	5	11	5
0636 409	2	Whitman	Pub	4	229	No
0668 007	1	Whitman	Pub	0	107	No	127	109	144	117	115	82	115	82
0668 015	1	Whitman	Pub	0	144	No	91	80	83	70	25	14	25	14
0668 016	1	Whitman	Pub	0	118	No	99	87	115	97
0668 017	1	Whitman	Pub	0	150	No	59	53	67	56	22	12	22	12
0668 018	4	Whitman	Pub	0	466	No	98	11	159	31	128	32	128	32
0668 019	2	Whitman	Prv	0	232	No	24	1	24	1
0668 023	1	Whitman	Pub	0	147	No	69	61	68	57	28	17	28	17
0668 024	1	Whitman	Pub	0	115	No	97	86	116	98	122	87	122	87
0668 025	1	Whitman	Pub	0	147	No	33	32	50	43	23	13	23	13
0668 026	1	Whitman	Pub	0	130	No	96	85	113	95	45	31	45	31
0668 027	1	Whitman	Pub	0	164	No	6	5	46	39	26	15	26	15
0668 101	1	Whitman	Pub	1	149	No	64	57	43	37	30	18	30	18
0668 103	4	Whitman	Pub	1	484	No	145	31	143	25	103	23	103	23
0668 104	1	Whitman	Pub	1	170	No	49	44	35	32
0668 105	4	Whitman	Pub	1	475	No	138	24	158	30	110	25	110	25
0668 107	1	Whitman	Pub	1	131	No	100	88	145	118	94	69	94	69
0668 113	4	Whitman	Pub	1	465	Yes	141	27	165	35	124	29	124	29
0668 114	1	Whitman	Pub	1	101	Yes	118	105	140	115	123	88	123	88
0668 116	4	Whitman	Pub	1	465	Yes	137	23	161	32	113	27	113	27
0668 117	4	Whitman	Pub	1	466	Yes	146	32	164	34	125	30	125	30
0668 121	1	Whitman	Pub	1	147	Yes	85	75	78	65
0668 123	4	Whitman	Pub	1	702	Yes	77	9	61	9	20	10	20	10
0668 201	4	Whitman	Pub	2	1115	No	43	3	30	2	1	1	1	1
0668 212	1	Whitman	Pub	2	119	No	123	105
0668 225	1	Whitman	Pub	2	147	No	46	41	37	34
0668 226	1	Whitman	Pub	2	114	No	133	111	126	89	126	89
0668 227	1	Whitman	Pub	2	147	No	47	42
0668 228	1	Whitman	Pub	2	117	No	132	110
0668 229	4	Whitman	Pub	2	706	No	86	10	85	12	17	8	17	8
0668 301	4	Whitman	Pub	3	1020	No	44	4	33	3	6	3	6	3
0668 302	2	Whitman	Pub	3	288	No	55	2	63	3	63	3
0668 303	1	Whitman	Pub	3	177	No	32	30
0668 305	1	Whitman	Pub	3	115	No	114	96
0668 307	1	Whitman	Pub	3	108	No	151	123
0669 204	1	Whitman	Pub	2	139	No	112	99	72	59	52	38	52	38
0669 205	1	Whitman	Pub	2	113	No	114	101	126	108	119	85	119	85
0669 210	1	Whitman	Pub	2	147	No	68	60	56	47	37	24	37	24
0669 212	1	Whitman	Pub	2	152	No	27	26	34	31
0669 216	1	Whitman	Pub	2	149	No	90	76	36	23	36	23
0669 218	4	Whitman	Pub	2	514	No	132	18	141	24
0669 309	4	Whitman	Pub	3	512	No	135	21	69	10	31	11	31	11
0669 311	1	Whitman	Pub	3	115	No	116	103	124	106	104	76	104	76
0669 313	1	Whitman	Pub	3	115	No	108	95	129	109
0669 314	4	Whitman	Pub	3	484	No	142	28	155	29	114	28	114	28
0669 315	4	Whitman	Pub	3	484	No	139	25	153	28	129	33	129	33
0669 316	1	Whitman	Pub	3	148	No	57	52	57	48	53	39	53	39
0669 317	1	Whitman	Pub	3	115	No	61	55	97	81	90	67	90	67
0669 318	4	Whitman	Pub	3	517	No	130	16	70	11	78	17	78	17
0669 320	4	Whitman	Pub	3	460	No	136	22	162	33	132	34	132	34
0669 407	1	Whitman	Pub	4	206	Yes	2	1	2	2	5	3	5	3
0669 408	1	Whitman	Pub	4	167	Yes	38	37	21	21	47	33	47	33
0669 409	1	Whitman	Pub	4	152	Yes	62	51	60	45	60	45
0669 410	1	Whitman	Pub	4	133	Yes	138	113	79	57	79	57
0669 411	2	Whitman	Pub	4	208	Yes	130	6	130	6
0669 412	1	Whitman	Pub	4	131	Yes	80	58	80	58
0669 414	1	Whitman	Pub	4	137	Yes
0669 415	2	Whitman	Pub	4	201	Yes	131	7	131	7
0669 416	1	Whitman	Pub	4	134	Yes	75	56	75	56
0669 417	1	Whitman	Pub	4	153	Yes	40	27	40	27
0669 418	1	Whitman	Pub	4	140	Yes
0669 419	1	Whitman	Pub	4	152	Yes	44	30	44	30
0669 420	1	Whitman	Pub	4	134	Yes	81	59	81	59
0669 421	1	Whitman	Pub	4	195	Yes
0669 422	1	Whitman	Pub	4	131	Yes	82	60	82	60
0669 424	1	Whitman	Pub	4	150	Yes	61	46	61	46
0669 426	1	Whitman	Pub	4	150	Yes
0669 428	1	Whitman	Pub	4	130	Yes	139	114	85	63	85	63
0670 202	1	Whitman	Pub	2	160	Yes	29	28	17	17
0670 204	4	Whitman	Pub	2	450	Yes	133	35	133	35
0670 206	1	Whitman	Pub	2	143	Yes	26	25	18	18	68	51	68	51
0670 207	1	Whitman	Pub	2	146	Yes	63	56	65	54	69	52	69	52
0670 208	1	Whitman	Pub	2	149	Yes	28	27	3	3	34	21	34	21
0670 209	1	Whitman	Pub	2	146	Yes	51	46	74	61	46	32	46	32
0670 210	1	Whitman	Pub	2	150	Yes	30	29	16	16	33	20	33	20
0670 211	1	Whitman	Pub	2	147	Yes	39	38	73	60	50	36	50	36
0670 212	1	Whitman	Pub	2	149	Yes	31	30	19	19	32	19	32	19
0670 213	1	Whitman	Pub	2	146	Yes	65	58	88	74	51	37	51	37
0670 214	1	Whitman	Pub	2	149	Yes	3	2	20	20	3	2	3	2
0670 215	1	Whitman	Pub	2	147	Yes	19	18	47	40	55	40	55	40
0670 216	1	Whitman	Pub	2	138	Yes	4	3	22	22	67	50	67	50
0670 217	1	Whitman	Pub	2	143	Yes	32	31	91	77	57	42	57	42
0671 101	4	Whitman	Pub	2	722	No	62	6	45	6	15	6	15	6
0671 105	1	Whitman	Pub	2	148	No
0671 201	4	Whitman	Pub	3	755	No	40	2	40	5	7	4	7	4
0671 225	4	Whitman	Pub	3	687	No	67	7	51	7	16	7	16	7
0671 305	1	Whitman	Pub	4	139	No	111	98	99	74	99	74
0671 308	1	Whitman	Pub	4	131	No	12	11	96	71	96	71
0671 312	1	Whitman	Pub	4	129	No	54	49	103	86	98	73	98	73
0671 316	1	Whitman	Pub	4	129	No	60	54	24	24	97	72	97	72
0671 317	1	Whitman	Pub	4	113	No	122	104	118	84	118	84
0671 318	1	Whitman	Pub	4	132	No	53	48	28	27
0671 321	1	Whitman	Pub	4	120	No	120	107	121	103	102	75	102	75
0671 323	4	Whitman	Pub	4	1065	No	1	1	26	1	4	2	4	2
0672 101A	3	Whitman	Sha	1	430	No	117	2	117	2
0672 101D	3	Whitman	Sha	1	475	No	163	1	77	1	77	1
0672 203A	1	Whitman	Pub	2	157	No	34	33	52	44	48	34	48	34
0672 203B	1	Whitman	Pub	2	220	No	8	7	5	5
0672 205	1	Whitman	Pub	2	156	No	22	21	48	41
0672 207	1	Whitman	Pub	2	155	No	21	20	54	46
0672 301	1	Whitman	Pub	3	173	No	23	22	41	35
0672 304A	1	Whitman	Pub	3	157	No	48	43	63	52	49	35	49	35
0672 304B	1	Whitman	Pub	3	220	No	11	10	1	1
0672 306	1	Whitman	Pub	3	156	No	55	50	64	53
0672 309	1	Whitman	Pub	3	188	No	18	17	7	7	27	16	27	16
0672 311	1	Whitman	Pub	3	188	No	17	16	11	11	43	29	43	29
0672 401	1	Whitman	Pub	4	181	No	16	15	12	12	35	22	35	22
0672 402	1	Whitman	Pub	4	128	No	109	96	86	72	87	65	87	65
0672 403	1	Whitman	Pub	4	185	No	9	8	13	13	38	25	38	25
0672 404	1	Whitman	Pub	4	143	No	20	19	14	14	39	26	39	26
0672 405	1	Whitman	Pub	4	165	No	24	23	44	38	19	10	19	10
0672 406	1	Whitman	Pub	4	140	No	25	24	84	71	71	54	71	54
0672 407A	1	Whitman	Pub	4	150	No	42	39	49	42	59	44	59	44
0672 407B	1	Whitman	Pub	4	110	No	117	104	89	75	120	86	120	86
0673 105	1	Whitman	Sha	1	116	No	50	45	10	10
0673 107	1	Whitman	Sha	1	114	No	123	108	104	87
0673 108	1	Whitman	Pub	1	144	No	66	59	93	79	95	70	95	70
0673 109	1	Whitman	Pub	1	144	No	78	68	92	78	70	53	70	53
0673 113	1	Whitman	Pub	1	220	No	7	6	4	4	2	1	2	1
0673 118	1	Whitman	Pub	1	146	No	81	71	71	58
0673 120	1	Whitman	Pub	1	146	No	52	47	77	64
0673 123	1	Whitman	Pub	1	140	No	79	69	96	80
0673 125	1	Whitman	Pub	1	140	No	80	70	102	85
0673 206	1	Whitman	Pub	2	215	No	15	14	6	6	13	8	13	8
0673 215	1	Whitman	Sha	2	109	No	105	92	148	121	8	4	8	4
0673 217	1	Whitman	Sha	2	114	No	106	93	36	33	9	5	9	5
0673 222	1	Whitman	Sha	2	118	No	87	73
0673 223	1	Whitman	Pub	2	140	No	84	74	60	50	84	62	84	62
0673 224	1	Whitman	Sha	2	113	No	147	120
0673 305	1	Whitman	Sha	3	114	No	89	78	53	45
0673 306	4	Whitman	Pub	3	465	No	122	13	152	27	74	15	74	15
0673 307	1	Whitman	Sha	3	114	No	88	77	59	49
0673 308	1	Whitman	Pub	3	144	No	45	40	101	84	111	81	111	81
0673 309	1	Whitman	Pub	3	146	No	82	69	62	47	62	47
0673 310	1	Whitman	Sha	3	113	No	93	82	134	112	134	90	134	90
0673 311	4	Whitman	Pub	3	456	No	150	26	109	24	109	24
0673 312	1	Whitman	Sha	3	118	No	94	83	112	94
0673 313	1	Whitman	Pub	3	109	No	90	79	125	107	108	80	108	80
0673 314	2	Whitman	Pub	3	222	No	121	2	160	6	73	4	73	4
0673 315	1	Whitman	Sha	3	109	No	110	97	149	122	56	41	56	41
0673 316	2	Whitman	Pub	3	223	No	128	4	154	3
0673 317	1	Whitman	Sha	3	114	No	73	65	15	15	41	28	41	28
0673 318	1	Whitman	Sha	3	118	No	95	84	98	82
0673 319	4	Whitman	Pub	3	458	No	144	30	127	17	112	26	112	26
0673 320	1	Whitman	Sha	3	113	No	92	81	99	83
0673 321	1	Whitman	Pub	3	145	No	72	64	72	55	72	55
0673 425	1	Whitman	Pub	4	137	No	76	63
0673 427	1	Whitman	Pub	4	130	No	75	62
0673 429	1	Whitman	Pub	4	119	No	142	116
0674 302	2	Whitman	Sha	3	240	No	124	3	156	4	121	5	121	5
0674 304	2	Whitman	Sha	3	231	No	129	5	157	5
0674 402	4	Whitman	Prv	4	965	No	74	8	58	8	18	9	18	9
0674 403	2	Whitman	Pub	4	584	No	41	1	38	1	29	2	29	2
0686 102	4	Whitman	Pub	1	554	No	131	17	100	15	54	13	54	13
0686 106	1	Whitman	Pub	1	138	No	101	89	111	93	10	6	10	6
0686 202	4	Whitman	Pub	2	558	No	126	15	128	18	66	14	66	14
0686 203	1	Whitman	Pub	2	193	No	13	12	27	26
0686 204	1	Whitman	Pub	2	202	No	14	13	8	8	12	7	12	7
0686 205	1	Whitman	Pub	2	195	No	10	9	23	23	21	11	21	11
0686 206	1	Whitman	Pub	2	137	No	87	76	86	64	86	64
0686 302	4	Whitman	Pub	3	510	No	143	29	135	21	100	21	100	21
0686 303	1	Whitman	Pub	3	179	No	37	36	29	28
0686 305	1	Whitman	Pub	3	211	No	5	4	9	9
0686 402	4	Whitman	Pub	4	485	No	140	26	136	22	89	18	89	18
0686 403	1	Whitman	Pub	4	128	No	107	94	109	92
0686 404	1	Whitman	Pub	4	109	No	115	102	108	91	107	79	107	79
0686 405	1	Whitman	Pub	4	131	No	102	90	106	89	83	61	83	61
0686 406	1	Whitman	Pub	4	109	No	113	100	107	90	106	78	106	78
0693 105	1	Butler	Sha	1	138	Yes	52	46	98	88	55	51	55	51
0693 107	1	Butler	Sha	1	139	Yes	25	25
0693 113	4	Butler	Prv	1	653	Yes	161	38	108	15	117	26	117	26
0693 115	4	Butler	Prv	1	522	Yes	158	36	120	29	120	29
0693 202	4	Butler	Prv	2	580	No	116	17	112	18	83	13	83	13
0693 203	4	Butler	Prv	2	580	No	117	18	109	16	94	17	94	17
0693 205	1	Butler	Sha	2	138	No	38	36	72	66	73	62	73	62
0693 207	1	Butler	Sha	2	139	No	39	37	29	28	44	41	44	41
0693 208	4	Butler	Prv	2	580	No	132	24	126	20
0693 213	4	Butler	Prv	2	580	No	122	21	106	14
0694 202	4	Butler	Prv	2	542	No	139	29	152	33	110	24	110	24
0694 204	4	Butler	Prv	2	574	No	138	28	129	23	87	15	87	15
0694 209	1	Butler	Sha	2	148	No	16	15
0694 211	4	Butler	Prv	2	522	No	142	31	150	31	121	30	121	30
0694 212	4	Butler	Prv	2	522	No	151	33	151	32	118	27	118	27
0694 213	4	Butler	Prv	2	522	No	154	34	153	34	112	25	112	25
0694 214	4	Butler	Prv	2	580	No	135	25	128	22	70	9	70	9
0694 304	4	Butler	Prv	3	574	No	128	23	139	25	109	23	109	23
0694 305	1	Butler	Sha	3	152	No	12	12	21	20	34	32	34	32
0694 309	1	Butler	Sha	3	148	No	13	13	20	19	39	36	39	36
0694 313	4	Butler	Prv	3	580	No	127	22	127	21
0695 102	4	Butler	Prv	1	522	No	157	35	154	35	122	31	122	31
0695 103	1	Butler	Sha	1	139	No	11	10
0695 104	4	Butler	Prv	1	516	No	140	30	157	36
0695 105	1	Butler	Sha	1	153	No	10	9
0695 202	4	Butler	Prv	2	580	No	136	26	147	30	101	18	101	18
0695 203	1	Butler	Sha	2	139	No	72	66	6	5	27	27	27	27
0695 204	4	Butler	Prv	2	522	No	159	37	159	38	123	32	123	32
0695 205	1	Butler	Sha	2	153	No	26	26	5	4	28	28	28	28
0696 102	1	Butler	Sha	1	132	No	74	68	80	73	72	61	72	61
0696 103	1	Butler	Prv	1	211	No	16	16	3	2	5	5	5	5
0696 104	1	Butler	Sha	1	142	No	21	21	28	27	32	30	32	30
0696 105	1	Butler	Sha	1	142	No	19	19	36	34
0696 106	1	Butler	Sha	1	139	No	23	23	56	52	40	37	40	37
0696 107	1	Butler	Sha	1	138	No	20	20	37	35	45	42	45	42
0696 108	1	Butler	Sha	1	135	No	22	22	75	68	71	60	71	60
0696 201	1	Butler	Sha	2	137	No	51	45	64	59	30	29	30	29
0696 202	4	Butler	Prv	2	580	No	92	8	141	27	102	19	102	19
0696 203	1	Butler	Sha	2	128	No	66	60	63	58
0696 205	4	Butler	Prv	2	580	No	120	20	140	26	103	20	103	20
0696 301	1	Butler	Sha	3	137	No	54	48	38	36
0696 302	4	Butler	Prv	3	580	No	114	16	146	29	107	22	107	22
0696 303	1	Butler	Sha	3	128	No	55	49	39	37
0696 305	4	Butler	Prv	3	580	No	113	15	145	28	106	21	106	21
0696 308	1	Butler	Sha	3	140	No	43	40	33	32	24	24	24	24
0696 401	1	Independent	Sha	4	137	No	4	3	10	9	9	7	9	7
0696 402	4	Independent	Prv	4	580	No	60	3	105	6	69	3	69	3
0696 403	1	Independent	Sha	4	128	No	21	17	37	32	10	8	10	8
0696 405	4	Independent	Prv	4	580	No	62	5	43	2	76	4	76	4
0696 408	1	Independent	Sha	4	140	No	4	4
0703 106	4	Butler	Prv	1	538	No	130	24
0703 112	4	Butler	Prv	1	571	No	101	11	110	17	66	6	66	6
0703 114	1	Butler	Prv	1	202	No	14	14	7	6	9	9	9	9
0703 204	1	Butler	Prv	2	219	No	4	4	2	1
0703 210	4	Butler	Prv	2	580	No	46	5	74	6
0703 212	4	Butler	Pub	2	571	No	111	13	118	19	88	16	88	16
0703 304	1	Butler	Prv	3	219	Yes	2	2	2	2	2	2
0703 306	4	Butler	Prv	3	564	Yes	146	32	158	37
0703 312	4	Butler	Prv	3	571	Yes	137	27	100	10	119	28	119	28
0703 314	1	Butler	Sha	3	139	Yes	28	28
0703 316	1	Butler	Sha	3	140	Yes	27	27	20	20	20	20
